008wolfNum,008wolfEn,008wolfRe,008wolfFa,2UDwolfNum,2UDwolfEn,2UDwolfRe,2UDwolfFa,2UDrabbitNum,2UDrabbitEn,2UDrabbitRe,2UDrabbitFa,008rabbitNum,008rabbitEn,008rabbitRe,008rabbitFa,grassNum,grassEn,grassRe,grassFa,KDFwolfNum,KDFwolfEn,KDFwolfRe,KDFwolfFa,KDFrabbitNum,KDFrabbitEn,KDFrabbitRe,KDFrabbitFa
1,936.0,1028.0,5.0,1,2039.0,2244.0,5.0,9,19.6,30.3,8.9,24,23.7,31.8,6.4,155,76.3,129.6,0.0,15,258.5,550.0,6.1,46,23.8,349.9,6.7
1,931.0,1028.0,5.0,1,2034.0,2244.0,5.0,9,22.0,28.3,7.1,31,28.7,36.6,6.5,117,85.3,130.2,0.0,15,272.4,550.0,6.1,31,75.1,349.9,6.7
1,926.0,1028.0,5.0,1,2029.0,2244.0,5.0,9,14.9,28.3,7.1,31,24.5,38.1,5.7,103,96.1,129.6,0.0,15,282.0,550.0,6.1,26,99.0,350.5,6.7
1,921.0,1028.0,5.0,1,2024.0,2244.0,5.0,6,19.5,30.7,6.9,31,20.6,39.3,5.3,111,100.6,129.0,0.2,15,280.5,550.0,6.1,23,113.9,351.1,6.9
1,916.0,1028.0,5.0,1,2019.0,2244.0,5.0,6,19.6,30.4,6.2,27,17.8,40.5,5.2,142,102.6,129.1,0.3,15,289.2,550.0,6.1,18,135.0,353.2,6.8
1,911.0,1028.0,5.0,1,2014.0,2244.0,5.0,7,26.8,29.1,5.5,22,24.0,43.5,5.3,222,100.0,129.3,0.3,15,291.4,550.0,6.1,16,149.7,353.8,7.0
1,906.0,1028.0,5.0,1,2009.0,2244.0,5.0,8,32.4,30.5,5.8,24,28.9,43.0,5.4,312,99.3,129.3,0.3,15,288.2,550.0,6.1,16,156.0,353.7,7.0
1,901.0,1028.0,5.0,1,2004.0,2244.0,5.0,11,41.9,31.4,6.0,27,32.3,44.4,5.5,409,100.0,129.4,0.4,15,286.4,550.0,6.1,15,189.5,354.0,7.1
1,896.0,1028.0,5.0,1,1999.0,2244.0,5.0,16,36.6,31.7,6.2,30,35.0,44.3,5.6,475,104.2,129.5,0.5,15,280.3,550.0,6.1,17,175.2,353.2,7.4
1,891.0,1028.0,5.0,1,1994.0,2244.0,5.0,18,44.2,32.3,6.2,38,43.7,45.1,5.6,551,105.6,129.3,0.6,15,293.3,550.0,6.1,14,204.3,354.7,7.6
1,886.0,1028.0,5.0,1,1989.0,2244.0,5.0,24,37.4,32.9,6.4,50,38.2,44.9,5.7,619,108.8,129.4,0.7,15,287.2,550.0,6.1,15,204.8,355.5,7.6
1,881.0,1028.0,5.0,1,1984.0,2244.0,5.0,28,56.6,32.6,6.4,65,42.5,44.4,5.8,679,110.9,129.4,0.9,15,284.2,550.0,6.1,14,243.0,355.7,7.8
1,876.0,1028.0,5.0,1,1979.0,2244.0,5.0,41,39.5,33.6,6.6,88,44.4,44.2,5.8,721,114.4,129.2,1.1,15,297.7,550.0,6.1,13,229.9,355.5,8.1
1,871.0,1028.0,5.0,1,1974.0,2244.0,5.0,53,40.9,33.9,6.7,113,41.6,44.9,5.9,767,116.9,129.3,1.3,15,291.6,550.0,6.1,14,238.5,355.6,7.9
1,866.0,1028.0,5.0,1,1969.0,2244.0,5.0,69,36.2,33.7,6.7,139,42.5,45.2,5.9,803,119.2,129.1,1.4,15,285.5,550.0,6.1,17,196.9,355.2,8.1
1,902.6,1028.0,5.0,1,1964.0,2244.0,5.0,82,38.0,33.7,6.8,166,43.3,45.1,6.0,823,122.2,129.1,1.6,15,292.4,550.0,6.1,17,204.2,355.7,8.1
1,922.4,1028.0,5.0,1,1959.0,2244.0,5.0,103,35.4,34.3,6.9,194,39.6,45.3,6.0,866,124.6,129.3,1.7,15,286.3,550.0,6.1,19,208.0,356.4,7.9
1,935.3,1028.0,5.0,1,1954.0,2244.0,5.0,128,33.0,34.1,6.8,226,38.4,45.4,6.0,890,128.0,129.4,1.9,15,287.7,550.0,6.1,20,195.2,354.8,8.0
1,972.9,1028.0,5.0,1,1949.0,2244.0,5.0,153,29.7,34.1,6.8,251,34.5,45.5,6.0,911,132.9,129.4,2.0,15,289.7,550.0,6.1,20,197.3,355.9,7.6
1,994.5,1028.0,5.0,1,1944.0,2244.0,5.0,165,30.2,34.5,6.8,251,34.7,45.8,6.0,925,137.6,129.3,2.0,15,283.6,550.0,6.1,23,175.7,356.7,7.8
1,1014.9,1028.0,5.0,1,1947.2,2244.0,5.0,172,26.6,34.4,6.7,271,31.8,45.9,5.9,946,141.3,129.4,2.2,15,286.1,550.0,6.1,23,213.0,355.7,7.8
1,1034.2,1028.0,5.0,1,1942.2,2244.0,5.0,172,30.3,34.4,6.7,292,32.3,46.3,5.9,942,146.2,129.3,2.3,15,296.5,550.0,6.1,24,198.1,355.6,7.9
2,726.7,1028.4,5.2,1,1937.2,2244.0,5.0,174,28.4,34.7,6.6,306,34.5,46.5,5.9,983,145.3,129.1,2.4,16,266.9,549.6,6.0,25,204.5,355.7,7.8
2,764.4,1028.4,5.2,1,1932.2,2244.0,5.0,177,31.6,34.7,6.6,313,36.3,47.2,5.8,974,149.3,129.1,2.5,17,283.3,549.4,5.9,20,217.4,355.7,8.4
2,781.0,1028.4,5.2,1,1927.2,2244.0,5.0,189,34.0,34.8,6.5,325,37.2,47.8,5.7,961,154.5,129.1,2.5,18,278.1,549.7,5.9,19,182.9,351.6,9.1
2,787.1,1028.4,5.2,1,1922.2,2244.0,5.0,213,34.6,34.9,6.5,344,37.0,47.9,5.7,970,156.3,129.1,2.5,18,272.2,549.7,5.9,18,241.7,350.7,9.2
2,812.0,1028.4,5.2,1,1917.2,2244.0,5.0,237,34.2,35.5,6.5,369,35.7,48.5,5.6,954,160.1,129.2,2.5,18,266.3,549.7,5.9,22,225.8,352.8,8.5
2,828.1,1028.4,5.2,1,1912.2,2244.0,5.0,258,32.1,35.9,6.6,393,36.2,48.2,5.7,930,164.7,129.1,2.6,18,280.8,549.7,5.9,21,218.7,350.6,9.0
3,694.8,1029.0,5.2,1,1907.2,2244.0,5.0,268,34.3,36.4,6.7,417,34.1,48.4,5.6,907,168.6,129.1,2.6,19,262.6,549.8,5.8,22,244.8,350.0,8.8
3,706.4,1029.0,5.2,1,1902.2,2244.0,5.0,274,36.3,36.9,6.7,426,35.0,48.6,5.6,912,167.7,129.4,2.7,18,283.4,549.0,5.5,26,181.9,350.1,8.6
3,735.5,1029.0,5.2,1,1903.2,2244.0,5.0,290,38.6,37.5,6.8,428,34.6,48.9,5.6,897,168.4,129.4,2.8,18,285.2,549.0,5.5,25,228.7,350.5,8.4
3,761.0,1029.0,5.2,1,1898.2,2244.0,5.0,296,40.9,37.6,6.8,431,34.0,49.2,5.6,881,168.1,129.5,2.8,19,263.4,549.1,5.5,28,245.3,351.2,8.0
3,791.7,1029.0,5.2,1,1893.2,2244.0,5.0,308,41.9,37.7,6.9,419,33.9,49.6,5.6,845,171.6,129.8,2.8,19,263.7,549.1,5.5,32,233.6,350.7,8.2
4,711.1,1029.6,5.1,1,1888.2,2244.0,5.0,314,44.8,38.0,6.9,406,36.8,50.7,5.5,819,171.0,129.9,2.8,19,286.8,549.1,5.5,33,220.4,351.0,8.2
4,732.2,1029.6,5.1,1,1886.1,2244.0,5.0,323,43.5,38.2,6.9,402,38.1,51.1,5.6,798,171.9,130.1,2.9,20,273.9,548.8,5.5,35,209.4,352.5,7.7
4,758.0,1029.6,5.1,1,1881.1,2244.0,5.0,341,41.5,38.4,6.9,398,37.7,51.5,5.6,772,173.5,129.9,2.9,20,286.7,548.8,5.5,35,212.2,351.2,8.1
4,788.6,1029.6,5.1,1,1876.1,2244.0,5.0,358,39.9,38.8,7.0,389,39.6,51.8,5.6,739,174.6,130.0,2.9,21,276.4,548.5,5.4,38,211.4,351.7,7.9
4,816.1,1029.6,5.1,1,1887.2,2244.0,5.0,379,40.2,38.9,6.9,393,37.5,52.1,5.7,725,174.6,129.9,2.9,21,273.2,548.5,5.4,38,221.8,352.9,7.3
5,736.2,1030.2,5.2,1,1904.6,2244.0,5.0,370,42.1,39.6,7.0,385,40.0,52.3,5.7,690,175.9,130.0,2.9,21,277.1,548.5,5.4,41,223.0,353.1,7.2
5,754.4,1030.2,5.2,1,1899.6,2244.0,5.0,368,41.0,39.6,6.9,388,40.4,52.7,5.7,661,178.3,129.7,2.9,22,258.5,548.3,5.4,47,197.8,352.8,7.3
5,766.3,1030.2,5.2,1,1900.4,2244.0,5.0,376,39.1,39.9,6.9,375,40.4,53.1,5.7,663,177.5,129.7,2.9,22,276.8,548.3,5.4,46,185.2,353.5,7.0
6,740.3,1029.7,5.3,1,1915.2,2244.0,5.0,381,35.7,40.3,6.9,381,38.3,53.3,5.7,647,179.2,129.6,2.9,23,269.5,548.1,5.4,48,194.9,353.6,6.9
6,760.5,1029.7,5.3,1,1961.1,2244.0,5.0,387,33.9,40.6,6.9,376,37.9,53.6,5.7,635,179.9,129.6,2.9,24,277.6,548.3,5.4,45,201.0,353.3,7.0
6,776.2,1029.7,5.3,1,1977.2,2244.0,5.0,358,37.0,40.5,6.9,366,39.3,53.8,5.7,627,180.6,129.5,2.8,26,267.3,547.4,5.4,43,200.5,353.7,6.9
6,794.9,1029.7,5.3,1,2005.1,2244.0,5.0,355,38.1,40.9,6.9,371,42.0,53.7,5.7,613,179.1,129.6,2.9,27,287.5,547.3,5.4,36,208.3,353.6,6.9
6,819.3,1029.7,5.3,1,2032.5,2244.0,5.0,337,37.2,40.7,6.8,379,42.4,53.5,5.7,612,176.0,129.1,2.9,29,268.9,547.5,5.3,37,232.3,353.1,7.0
8,738.6,1030.1,5.3,1,2035.9,2244.0,5.0,348,34.0,40.7,6.8,392,38.2,53.5,5.7,587,178.6,129.4,2.9,29,342.7,547.5,5.3,34,184.6,354.4,6.6
8,765.2,1030.1,5.3,1,2047.8,2244.0,5.0,355,30.8,40.7,6.8,389,38.8,53.4,5.7,580,178.6,129.6,2.9,32,314.9,547.6,5.3,32,197.0,355.2,6.5
8,777.5,1030.1,5.3,1,2066.9,2244.0,5.0,340,30.6,40.8,6.7,408,38.2,53.2,5.8,578,174.7,129.2,2.8,35,295.0,548.0,5.4,30,208.9,356.2,5.9
8,790.9,1030.1,5.3,1,2072.4,2244.0,5.0,331,32.0,40.9,6.7,412,36.9,53.0,5.8,581,173.4,129.5,2.8,37,293.0,547.9,5.4,27,203.7,356.8,5.7
9,754.6,1030.6,5.3,1,2073.8,2244.0,5.0,334,32.8,40.9,6.7,413,37.4,52.8,5.8,562,174.0,129.1,2.7,38,296.7,548.2,5.4,25,202.8,356.8,5.7
9,776.5,1030.6,5.3,1,2095.3,2244.0,5.0,316,30.6,41.1,6.7,416,37.1,52.8,5.8,558,172.3,128.7,2.8,39,305.2,548.1,5.4,24,228.7,356.4,5.7
10,764.2,1030.4,5.3,1,2104.8,2244.0,5.0,304,30.5,40.8,6.6,389,36.9,52.7,5.8,562,170.2,128.6,2.8,40,305.5,548.0,5.4,26,223.2,356.2,5.6
11,749.5,1030.6,5.2,1,2105.3,2244.0,5.0,296,32.3,40.9,6.6,380,40.4,53.4,5.8,556,168.6,128.5,2.6,41,301.8,547.9,5.4,28,220.5,356.2,5.6
11,757.5,1030.6,5.2,1,2116.9,2244.0,5.0,291,33.4,41.0,6.6,387,38.3,53.4,5.8,536,168.8,128.4,2.6,40,316.6,547.5,5.4,30,220.0,355.8,5.5
11,768.4,1030.6,5.2,1,2165.9,2244.0,5.0,306,33.0,41.3,6.7,376,40.8,53.9,5.8,515,167.6,128.4,2.6,40,330.9,547.1,5.4,32,204.2,355.3,5.5
11,780.2,1030.6,5.2,1,2206.8,2244.0,5.0,304,32.9,41.6,6.6,388,42.4,54.1,5.8,501,162.8,128.1,2.4,43,306.0,547.2,5.4,42,190.0,355.5,5.4
11,800.4,1030.6,5.2,1,2213.1,2244.0,5.0,284,35.7,41.5,6.6,388,43.1,54.3,5.8,447,167.4,127.6,2.3,44,308.9,547.2,5.4,39,246.6,355.2,5.4
11,817.7,1030.6,5.2,1,2208.1,2244.0,5.0,302,32.4,41.4,6.6,407,39.8,54.5,5.8,450,161.2,128.1,2.3,44,313.6,547.2,5.4,47,215.5,355.2,5.4
11,831.9,1030.6,5.2,1,2216.5,2244.0,5.0,288,32.1,41.2,6.5,411,38.3,54.6,5.8,435,161.6,127.8,2.0,44,321.3,547.2,5.4,54,201.3,355.1,5.4
12,811.7,1030.5,5.2,1,2257.0,2244.0,5.0,294,31.0,40.8,6.5,401,37.2,55.1,5.8,405,166.8,128.0,2.0,47,303.3,547.4,5.4,62,178.9,355.2,5.4
13,793.6,1030.7,5.2,2,1586.3,2246.2,5.0,295,26.4,40.3,6.5,392,37.2,55.7,5.8,384,165.7,128.2,1.8,47,323.1,547.4,5.4,64,191.4,355.2,5.4
14,779.5,1030.7,5.2,2,1621.1,2246.2,5.0,298,24.6,40.3,6.5,394,37.4,56.0,5.8,378,166.3,128.9,1.7,50,303.7,547.5,5.5,70,179.0,355.2,5.4
14,805.9,1030.7,5.2,2,1637.2,2246.2,5.0,287,24.8,40.4,6.6,386,36.9,56.3,5.7,356,169.7,129.0,1.6,51,308.5,547.4,5.5,68,184.0,355.1,5.4
15,798.0,1030.6,5.2,2,1651.2,2246.2,5.0,258,25.0,40.7,6.6,361,37.3,56.4,5.7,372,166.4,128.8,1.5,52,312.6,547.4,5.5,71,167.4,354.8,5.4
16,790.1,1030.9,5.2,2,1661.7,2246.2,5.0,244,26.6,40.8,6.7,329,36.5,56.3,5.8,362,166.6,128.7,1.3,54,315.1,547.8,5.5,70,176.6,354.8,5.4
16,800.6,1030.9,5.2,2,1666.1,2246.2,5.0,241,25.4,40.9,6.7,315,35.8,56.2,5.8,371,165.1,128.3,1.3,56,312.0,548.1,5.5,68,165.8,354.7,5.4
17,785.0,1030.9,5.3,2,1667.9,2246.2,5.0,229,26.7,40.9,6.7,308,34.9,55.8,5.8,360,166.3,128.0,1.2,59,303.0,548.2,5.5,68,167.7,354.6,5.5
19,750.5,1030.7,5.3,2,1688.0,2246.2,5.0,231,26.7,40.9,6.7,308,36.7,55.7,5.8,351,163.3,128.1,1.2,61,306.0,547.8,5.5,63,166.5,354.6,5.5
20,735.2,1030.8,5.3,2,1691.6,2246.2,5.0,225,26.5,40.8,6.7,296,35.0,55.6,5.8,360,162.0,128.1,1.2,65,301.0,547.6,5.5,58,149.3,354.6,5.6
20,744.1,1030.8,5.3,2,1696.8,2246.2,5.0,214,26.5,40.4,6.6,284,34.7,55.4,5.9,388,154.6,128.7,1.2,68,294.8,547.7,5.5,52,151.8,354.7,5.5
20,750.9,1030.8,5.3,2,1705.5,2246.2,5.0,214,27.7,41.1,6.6,272,36.3,55.6,5.9,403,149.3,128.7,1.2,69,301.4,547.7,5.5,44,154.2,355.1,5.5
20,752.4,1030.8,5.3,3,1446.8,2247.6,5.0,212,28.0,40.7,6.5,264,36.1,55.6,5.9,422,147.4,128.6,1.3,71,300.3,547.4,5.5,40,159.6,355.2,5.5
20,759.1,1030.8,5.3,3,1473.8,2247.6,5.0,207,30.1,41.1,6.5,247,34.6,56.0,5.8,455,144.9,128.1,1.3,73,291.5,547.6,5.5,37,170.8,355.0,5.5
20,763.6,1030.8,5.3,3,1498.9,2247.6,5.0,214,28.0,40.9,6.5,230,35.5,55.9,5.8,475,145.1,128.0,1.3,74,291.8,547.7,5.5,33,166.8,354.9,5.6
21,747.2,1030.5,5.3,3,1512.1,2247.6,5.0,216,28.6,40.8,6.4,232,37.1,55.9,5.8,492,145.5,127.8,1.5,74,290.6,547.6,5.5,32,160.8,355.0,5.6
21,764.4,1030.5,5.3,3,1522.3,2247.6,5.0,233,28.3,40.6,6.4,222,38.7,55.7,5.8,496,146.1,128.1,1.6,74,292.2,547.6,5.5,29,186.6,355.0,5.6
22,756.5,1030.6,5.3,3,1529.9,2247.6,5.0,233,28.1,40.7,6.4,219,34.1,55.9,5.9,544,143.3,128.1,1.6,74,296.4,547.6,5.5,28,178.3,355.0,5.6
22,769.3,1030.6,5.3,3,1541.6,2247.6,5.0,228,28.2,41.0,6.4,208,33.8,55.9,5.8,563,144.0,128.2,1.7,75,290.4,547.5,5.5,28,167.7,355.0,5.5
24,754.0,1030.5,5.3,3,1552.1,2247.6,5.0,232,28.4,41.2,6.4,193,35.5,55.8,5.8,564,147.8,127.9,1.7,75,285.7,547.5,5.5,29,185.8,354.9,5.5
24,773.4,1030.5,5.3,3,1584.9,2247.6,5.0,240,27.8,41.3,6.5,172,38.7,55.9,5.7,585,147.5,127.9,1.8,75,283.3,547.5,5.5,28,189.5,355.0,5.6
24,783.3,1030.5,5.3,3,1604.1,2247.6,5.0,234,26.4,41.3,6.5,162,38.2,56.0,5.7,611,148.2,127.9,1.9,75,286.8,547.5,5.5,29,148.5,355.0,5.6
25,769.3,1030.6,5.3,3,1603.1,2247.6,5.0,238,25.0,41.0,6.5,166,38.6,56.1,5.7,619,150.0,128.0,1.9,75,284.9,547.3,5.4,29,158.3,354.7,5.6
25,768.9,1030.6,5.3,4,1437.6,2248.3,5.0,227,25.9,40.9,6.4,173,41.2,55.7,5.7,626,152.4,128.0,1.9,76,277.1,547.5,5.4,32,158.9,354.7,5.6
25,778.2,1030.6,5.3,4,1447.1,2248.3,5.0,221,25.9,40.7,6.4,170,40.7,55.4,5.7,631,154.2,127.8,2.0,76,281.1,547.5,5.4,30,179.9,354.9,5.6
25,785.8,1030.6,5.3,4,1457.4,2248.3,5.0,213,28.7,40.9,6.4,174,41.3,55.5,5.7,649,155.2,128.0,2.0,76,280.1,547.5,5.4,31,184.1,354.7,5.6
26,777.8,1030.6,5.3,4,1480.6,2248.3,5.0,221,27.7,40.4,6.4,175,43.0,55.2,5.7,648,158.0,127.9,2.0,76,281.6,547.5,5.4,33,164.4,354.3,5.8
28,760.4,1030.8,5.3,4,1491.5,2248.3,5.0,227,25.4,40.1,6.4,178,44.5,55.3,5.7,660,158.6,127.9,2.1,76,282.7,547.5,5.4,33,167.0,354.3,5.8
28,770.1,1030.8,5.3,4,1503.0,2248.3,5.0,213,27.8,40.0,6.3,187,43.0,55.2,5.7,669,157.9,127.7,2.1,77,277.2,547.4,5.4,32,200.4,354.4,5.8
30,763.6,1030.9,5.3,4,1530.1,2248.3,5.0,215,26.7,40.5,6.3,182,44.7,55.1,5.7,677,158.1,127.6,2.1,77,279.8,547.4,5.4,30,204.4,354.4,5.6
32,747.1,1031.0,5.4,4,1552.0,2248.3,5.0,206,27.9,40.6,6.2,199,42.1,55.1,5.8,694,159.1,127.9,2.2,78,282.1,547.5,5.4,28,157.5,354.2,5.7
32,761.1,1031.0,5.4,4,1556.3,2248.3,5.0,208,28.4,40.4,6.2,190,41.9,55.4,5.8,707,160.0,127.4,2.3,79,282.1,547.6,5.4,26,147.8,354.7,5.9
34,758.8,1031.0,5.4,4,1572.3,2248.3,5.0,212,25.7,40.8,6.2,176,41.9,56.1,5.6,727,160.5,127.4,2.2,80,276.6,547.6,5.4,22,184.7,354.7,6.0
35,756.7,1031.1,5.4,4,1580.5,2248.3,5.0,207,26.6,40.9,6.3,183,40.0,56.1,5.7,744,161.5,127.1,2.3,81,274.5,547.5,5.4,21,160.9,354.6,6.0
36,750.7,1031.2,5.4,4,1591.3,2248.3,5.0,211,27.2,40.6,6.2,185,41.0,55.9,5.8,772,160.2,127.2,2.4,83,267.3,547.8,5.5,17,163.0,353.9,5.8
36,767.3,1031.2,5.4,4,1602.4,2248.3,5.0,219,28.2,41.0,6.2,178,41.8,55.8,5.8,769,162.6,127.1,2.4,83,265.4,547.8,5.5,16,186.5,353.6,5.9
36,774.2,1031.2,5.4,4,1610.6,2248.3,5.0,219,29.0,41.3,6.3,183,41.4,55.5,5.8,789,163.0,127.1,2.4,84,258.5,547.7,5.4,19,176.5,353.9,5.8
37,772.9,1031.2,5.4,4,1621.5,2248.3,5.0,219,32.1,41.6,6.3,184,42.6,55.8,5.8,786,164.9,126.9,2.5,84,262.3,547.7,5.4,15,180.1,353.8,5.9
39,763.8,1031.3,5.4,4,1634.1,2248.3,5.0,230,29.6,41.4,6.3,181,41.6,55.9,5.8,798,166.7,127.0,2.6,84,262.7,547.7,5.4,13,185.1,354.2,6.1
41,752.6,1031.2,5.4,4,1651.6,2248.3,5.0,232,28.9,41.7,6.2,168,43.2,56.1,5.8,824,166.0,127.0,2.6,83,266.2,548.1,5.4,13,193.1,354.4,6.1
42,756.1,1031.2,5.4,4,1666.1,2248.3,5.0,244,28.9,41.7,6.2,159,40.7,56.2,5.8,857,164.0,126.8,2.7,84,258.9,548.1,5.4,14,198.4,354.5,6.0
43,757.1,1031.1,5.4,5,1522.4,2248.7,5.1,250,28.5,42.1,6.2,152,40.1,56.3,5.8,876,165.2,126.9,2.7,84,255.6,548.1,5.4,15,217.2,354.4,6.0
46,739.7,1031.1,5.4,5,1541.6,2248.7,5.1,249,25.9,41.9,6.2,142,44.1,56.7,5.8,912,163.8,126.8,2.7,84,256.1,548.1,5.4,17,126.3,354.6,5.9
48,726.7,1031.1,5.5,5,1560.3,2248.7,5.1,226,29.5,41.8,6.3,147,43.8,57.0,5.8,937,164.0,126.7,2.8,85,250.8,548.2,5.4,17,184.0,354.6,5.9
48,733.7,1031.1,5.5,5,1568.1,2248.7,5.1,247,29.0,41.9,6.4,141,46.6,57.4,5.6,960,163.3,126.4,2.8,84,251.4,548.2,5.4,19,166.4,354.8,5.9
48,736.9,1031.1,5.5,5,1591.0,2248.7,5.1,247,31.6,42.1,6.4,142,46.0,58.0,5.6,975,164.3,126.2,2.9,85,248.7,548.4,5.4,16,192.0,354.8,6.0
49,736.8,1031.1,5.5,5,1606.1,2248.7,5.1,253,30.2,42.3,6.4,143,45.8,57.9,5.6,986,165.0,125.9,3.0,84,257.3,548.4,5.5,14,162.7,354.9,6.1
50,735.4,1031.1,5.5,5,1624.2,2248.7,5.1,251,27.8,42.9,6.4,147,47.1,58.1,5.6,997,167.5,125.8,3.0,84,258.6,548.4,5.5,13,168.9,355.0,6.6
52,729.1,1031.1,5.5,5,1648.0,2248.7,5.1,229,28.3,43.0,6.4,138,46.6,58.1,5.6,1025,168.8,125.9,3.0,84,257.6,548.4,5.5,14,158.3,355.3,6.5
52,731.4,1031.1,5.5,5,1660.1,2248.7,5.1,230,28.8,43.2,6.4,134,45.8,58.2,5.6,1067,167.5,125.8,3.1,84,254.7,548.2,5.4,16,149.1,355.4,6.4
53,734.7,1031.1,5.5,5,1670.4,2248.7,5.1,216,28.7,43.5,6.4,120,43.9,58.1,5.6,1105,167.0,125.7,3.1,86,248.8,548.3,5.4,12,215.5,355.5,6.2
55,727.5,1031.1,5.5,5,1699.6,2248.7,5.1,207,27.6,42.7,6.3,108,43.4,58.1,5.6,1151,166.6,125.6,3.2,88,241.3,548.2,5.4,15,143.7,355.6,6.0
56,722.5,1031.0,5.5,5,1720.3,2248.7,5.1,196,28.5,42.1,6.2,98,43.7,58.0,5.6,1190,167.5,125.5,3.2,87,240.2,548.3,5.4,15,185.3,355.9,6.0
57,717.0,1031.0,5.5,5,1728.4,2248.7,5.1,193,28.6,42.0,6.2,89,46.4,57.9,5.6,1226,167.8,125.5,3.2,87,238.7,548.3,5.4,14,243.1,356.0,6.1
58,713.5,1031.0,5.5,5,1727.0,2248.7,5.1,193,28.0,42.1,6.2,89,46.3,57.8,5.6,1267,168.2,125.6,3.3,87,233.9,548.3,5.4,16,248.9,356.0,6.0
59,711.4,1031.1,5.5,5,1739.6,2248.7,5.1,194,29.1,42.0,6.2,82,44.8,57.4,5.7,1285,171.0,125.6,3.3,87,232.7,548.3,5.4,18,232.6,355.9,5.9
61,702.6,1031.1,5.5,5,1747.1,2248.7,5.1,201,30.6,42.5,6.1,76,43.6,57.4,5.7,1304,172.0,125.6,3.3,87,230.8,548.2,5.4,18,266.9,355.8,6.0
62,700.9,1031.1,5.5,5,1750.5,2248.7,5.1,207,31.6,42.8,6.2,67,41.8,57.3,5.7,1346,172.3,125.6,3.4,86,233.3,548.2,5.4,21,201.6,355.5,5.8
64,692.3,1031.2,5.5,5,1755.9,2248.7,5.1,208,33.3,43.3,6.2,61,41.8,57.3,5.7,1371,173.3,125.6,3.4,86,235.4,548.2,5.4,21,204.2,355.5,6.0
65,688.7,1031.1,5.5,5,1768.8,2248.7,5.1,219,32.5,43.2,6.3,53,41.8,57.2,5.6,1390,174.6,125.6,3.4,85,237.9,548.1,5.4,22,235.5,355.5,5.9
66,682.8,1031.1,5.5,5,1786.5,2248.7,5.1,227,33.2,43.3,6.4,48,42.4,57.0,5.6,1429,174.9,125.5,3.5,85,236.8,548.3,5.4,22,239.5,355.4,5.9
66,680.8,1031.1,5.5,5,1790.2,2248.7,5.1,242,32.0,43.8,6.4,45,51.1,56.8,5.5,1477,174.1,125.6,3.5,85,235.7,548.3,5.4,20,260.8,355.5,5.7
67,676.4,1031.1,5.5,5,1792.5,2248.7,5.1,258,33.9,44.1,6.4,39,65.9,56.7,5.4,1482,176.2,125.6,3.6,85,232.4,548.2,5.4,24,196.9,355.3,5.7
67,672.8,1031.1,5.5,5,1796.3,2248.7,5.1,265,34.1,44.6,6.5,41,67.5,56.3,5.5,1513,176.3,125.6,3.6,85,235.6,548.2,5.4,24,187.6,355.4,5.7
67,677.9,1031.1,5.5,5,1797.8,2248.7,5.1,263,32.0,45.2,6.5,37,48.4,55.9,5.6,1575,174.6,125.6,3.6,87,234.4,548.2,5.4,19,209.1,355.3,5.8
67,673.8,1031.1,5.5,5,1814.7,2248.7,5.1,263,32.4,45.8,6.6,44,49.0,55.8,5.5,1584,177.7,125.5,3.6,86,236.7,548.5,5.4,20,221.5,355.3,5.7
68,666.0,1031.2,5.5,5,1824.4,2248.7,5.1,259,33.7,46.0,6.6,55,50.4,55.8,5.6,1618,177.1,125.7,3.7,88,232.4,548.5,5.4,20,263.8,355.5,5.7
68,661.8,1031.2,5.5,5,1836.3,2248.7,5.1,249,34.7,46.6,6.7,69,54.0,55.7,5.6,1633,178.3,125.6,3.7,88,231.7,548.5,5.4,26,219.7,355.5,5.9
68,662.8,1031.2,5.5,6,1693.8,2248.8,5.2,243,36.0,45.8,6.6,66,60.4,55.7,5.6,1647,180.0,125.6,3.7,87,236.1,548.6,5.4,29,196.6,355.3,5.8
68,660.9,1031.2,5.5,6,1705.5,2248.8,5.2,241,30.5,45.7,6.6,76,52.2,55.7,5.7,1675,180.3,125.6,3.8,88,236.9,548.8,5.4,29,228.2,355.0,5.6
68,657.3,1031.2,5.5,7,1614.5,2249.0,5.2,225,30.5,45.4,6.5,85,54.0,55.6,5.7,1703,179.8,125.5,3.8,89,243.2,548.6,5.4,27,223.1,355.1,5.6
68,656.9,1031.2,5.5,7,1623.2,2249.0,5.2,216,35.3,45.0,6.4,98,50.7,55.7,5.7,1714,181.5,125.5,3.8,89,247.0,548.6,5.4,28,208.5,355.1,5.6
69,655.9,1031.1,5.5,7,1624.5,2249.0,5.2,217,32.8,44.6,6.3,84,51.3,55.6,5.7,1746,181.2,125.5,3.9,88,251.0,548.7,5.4,29,249.6,354.8,5.5
69,655.4,1031.1,5.5,7,1640.0,2249.0,5.2,200,32.9,44.5,6.4,87,51.3,55.8,5.8,1791,180.4,125.6,3.8,85,265.4,549.1,5.4,30,238.1,355.2,5.5
69,653.7,1031.1,5.5,7,1650.6,2249.0,5.2,198,34.6,44.9,6.4,84,61.1,56.1,5.8,1816,180.4,125.6,3.9,87,266.3,549.0,5.4,30,220.5,355.2,5.6
70,649.8,1031.1,5.5,7,1651.4,2249.0,5.2,196,33.1,44.9,6.6,85,62.3,56.4,5.8,1865,178.6,125.6,3.9,89,257.4,549.3,5.4,35,229.3,355.1,5.5
70,650.4,1031.1,5.5,7,1654.3,2249.0,5.2,189,36.5,44.6,6.5,87,60.7,56.1,5.9,1876,178.9,125.7,3.9,89,258.3,549.3,5.4,42,205.0,355.0,5.5
70,649.0,1031.1,5.5,7,1667.7,2249.0,5.2,190,33.6,44.7,6.4,93,58.0,55.9,5.9,1899,178.3,125.5,4.0,88,260.4,549.5,5.4,48,223.6,354.9,5.4
70,648.3,1031.1,5.5,7,1668.7,2249.0,5.2,179,37.8,44.2,6.4,99,55.0,55.7,5.9,1916,178.1,125.6,3.9,88,260.0,549.5,5.4,58,214.9,355.0,5.4
71,643.3,1031.0,5.5,7,1689.3,2249.0,5.2,164,37.6,44.0,6.3,103,56.9,55.7,6.0,1928,177.9,125.7,3.9,88,266.3,549.5,5.4,62,233.7,355.1,5.4
71,641.2,1031.0,5.5,8,1600.2,2249.2,5.1,165,40.2,44.7,6.3,107,52.2,55.7,6.0,1941,178.2,125.7,3.9,90,261.5,549.5,5.4,66,234.5,355.3,5.5
71,640.7,1031.0,5.5,8,1618.5,2249.2,5.1,166,41.0,45.2,6.4,112,50.0,55.9,6.0,1926,179.2,125.7,4.0,90,266.5,549.4,5.4,74,210.4,355.2,5.5
72,641.5,1031.0,5.5,8,1628.4,2249.2,5.1,164,39.2,46.2,6.3,107,47.0,55.8,6.1,1932,179.3,125.7,4.0,92,263.5,549.4,5.4,78,227.3,355.1,5.5
72,643.0,1031.0,5.5,8,1643.9,2249.2,5.1,176,44.1,47.0,6.3,97,54.8,55.6,6.0,1950,177.5,125.7,4.0,93,266.4,549.6,5.4,85,203.8,355.1,5.5
73,643.7,1031.0,5.5,8,1653.2,2249.2,5.1,190,48.0,48.2,6.2,92,54.1,55.7,5.9,1956,177.1,125.7,4.0,93,279.0,549.5,5.4,85,182.8,355.0,5.5
75,636.7,1031.1,5.5,8,1659.3,2249.2,5.1,208,51.0,49.4,6.2,89,51.7,55.3,5.9,1939,178.4,125.6,4.0,92,286.3,549.6,5.4,87,197.1,355.0,5.5
76,636.1,1031.0,5.5,8,1669.2,2249.2,5.1,231,53.4,50.7,6.1,92,45.1,55.3,5.9,1945,178.0,125.7,4.0,93,293.5,549.6,5.4,88,178.2,355.0,5.5
78,630.3,1031.1,5.5,8,1681.4,2249.2,5.1,258,56.9,51.7,6.0,94,47.6,55.4,5.9,1942,176.4,125.8,4.0,100,273.3,549.6,5.4,89,190.6,355.0,5.5
79,630.3,1031.1,5.5,9,1602.8,2249.2,5.2,283,57.6,53.0,6.0,85,51.2,55.5,5.9,1908,177.4,125.9,4.0,101,276.3,549.7,5.4,92,188.9,355.0,5.4
79,629.9,1031.1,5.5,9,1605.6,2249.2,5.2,307,54.9,54.1,6.0,84,54.2,55.4,5.9,1897,176.6,126.0,3.9,104,278.6,549.9,5.5,91,190.1,355.0,5.5
80,629.5,1031.1,5.5,9,1612.2,2249.2,5.2,330,51.6,54.7,5.9,72,61.4,55.3,5.9,1885,175.3,126.1,3.9,107,284.5,549.6,5.5,90,196.6,354.8,5.5
82,624.0,1031.1,5.5,10,1555.6,2249.2,5.3,354,53.0,55.6,6.0,73,55.7,54.9,6.0,1828,177.0,126.3,3.9,111,289.0,549.7,5.5,81,212.7,354.7,5.5
83,622.2,1031.1,5.5,10,1563.0,2249.2,5.3,369,51.1,56.1,6.0,77,55.2,54.9,6.0,1811,177.3,126.4,3.8,115,289.3,549.8,5.5,82,209.4,354.6,5.5
84,627.8,1031.0,5.5,10,1586.8,2249.2,5.3,386,49.8,56.3,5.9,68,55.3,54.7,6.0,1787,176.7,126.3,3.8,117,294.0,549.8,5.5,76,238.1,354.6,5.6
87,618.2,1031.1,5.5,10,1598.3,2249.2,5.3,391,47.4,56.4,5.9,66,65.3,54.8,6.1,1792,175.3,126.4,3.7,117,308.5,549.9,5.5,71,229.7,354.2,5.7
87,617.2,1031.1,5.5,10,1595.3,2249.2,5.3,409,45.3,55.8,6.0,73,75.9,54.7,6.1,1764,176.3,126.4,3.7,124,301.8,549.4,5.5,71,207.9,354.3,5.8
89,618.0,1031.1,5.4,10,1601.6,2249.2,5.3,422,43.9,55.1,6.0,83,64.4,54.6,6.1,1729,176.6,126.4,3.7,126,304.6,549.4,5.5,73,203.9,354.2,5.8
89,618.2,1031.1,5.4,10,1605.3,2249.2,5.3,406,46.7,54.9,5.9,86,66.1,54.6,6.1,1683,176.5,126.4,3.7,128,307.0,549.3,5.5,79,200.1,354.1,5.8
90,614.9,1031.1,5.5,10,1609.3,2249.2,5.3,406,45.2,54.8,5.9,83,61.8,54.6,6.1,1676,175.6,126.6,3.7,130,306.5,549.2,5.5,85,203.4,354.0,5.8
90,614.5,1031.1,5.5,11,1548.7,2249.2,5.4,408,46.5,54.5,5.9,85,48.8,55.0,6.1,1649,175.5,126.9,3.6,134,303.9,549.1,5.5,87,209.1,354.1,5.6
91,610.8,1031.1,5.5,11,1557.4,2249.2,5.4,409,42.1,54.9,5.8,83,45.5,55.2,6.1,1642,174.6,127.2,3.6,136,311.6,549.0,5.5,92,187.9,354.0,5.6
91,610.9,1031.1,5.5,11,1560.0,2249.2,5.4,404,42.1,55.1,5.8,73,50.0,55.3,6.1,1609,177.2,127.3,3.6,140,306.4,548.8,5.5,97,172.5,354.0,5.6
93,606.5,1031.1,5.5,11,1557.6,2249.2,5.4,375,39.2,55.3,5.7,70,56.8,55.5,6.1,1624,175.4,127.5,3.6,139,317.2,548.7,5.4,97,175.0,354.0,5.6
95,605.1,1031.0,5.5,11,1558.4,2249.2,5.4,354,39.4,55.5,5.7,61,65.1,55.2,6.2,1636,174.6,127.6,3.6,141,318.4,548.7,5.4,91,182.8,354.0,5.6
97,603.3,1031.1,5.5,11,1555.5,2249.2,5.4,315,39.7,55.4,5.8,53,58.7,54.9,6.4,1656,175.3,127.7,3.6,144,318.1,548.7,5.4,90,173.5,354.0,5.6
97,606.1,1031.1,5.5,11,1552.4,2249.2,5.4,302,39.4,55.1,5.8,41,62.4,55.0,6.4,1693,173.7,127.8,3.6,145,326.2,548.7,5.4,77,168.7,354.0,5.7
98,603.2,1031.1,5.5,11,1548.3,2249.2,5.4,295,39.7,54.3,5.9,35,61.2,54.7,6.4,1712,173.5,127.8,3.7,148,319.6,548.7,5.4,76,181.3,354.2,5.7
99,598.2,1031.1,5.5,11,1544.5,2249.2,5.4,288,41.5,53.6,5.9,31,70.4,54.5,6.4,1721,175.9,127.9,3.7,149,321.7,548.8,5.4,73,159.5,354.0,5.7
100,596.2,1031.1,5.5,11,1544.1,2249.2,5.4,280,43.1,52.8,5.9,26,87.0,54.5,6.4,1744,176.4,127.7,3.7,151,318.9,548.7,5.4,67,177.1,354.1,5.7
100,594.8,1031.1,5.5,11,1563.8,2249.2,5.4,240,43.7,51.7,5.8,23,105.9,54.3,6.3,1777,176.4,127.6,3.8,154,320.2,548.6,5.4,61,171.7,354.3,5.8
100,592.3,1031.1,5.5,11,1561.6,2249.2,5.4,219,47.0,49.9,5.8,26,91.4,54.3,6.3,1820,175.9,127.6,3.8,155,317.9,548.6,5.4,62,195.7,354.4,5.8
100,587.8,1031.1,5.5,11,1569.0,2249.2,5.4,204,41.4,48.3,5.7,36,69.3,54.6,6.5,1864,175.9,127.6,3.8,158,317.2,548.5,5.4,60,167.7,354.4,5.8
101,581.6,1031.2,5.5,11,1569.9,2249.2,5.4,179,40.0,47.8,5.7,45,72.8,54.6,6.6,1884,176.5,127.5,3.9,167,306.7,548.1,5.4,55,172.0,354.4,6.0
101,584.5,1031.2,5.5,11,1568.2,2249.2,5.4,157,40.4,46.5,5.6,50,58.4,54.7,6.7,1919,176.0,127.4,3.9,170,304.9,548.1,5.4,52,177.2,354.4,6.0
104,576.9,1031.2,5.5,11,1566.0,2249.2,5.4,141,36.2,44.9,5.5,56,56.2,55.0,6.6,1962,176.4,127.4,3.9,172,304.1,548.2,5.4,49,186.1,354.6,6.0
104,575.6,1031.2,5.5,11,1571.8,2249.2,5.4,126,41.6,45.4,5.6,53,64.6,55.1,6.7,2003,176.8,127.4,3.9,173,301.5,548.2,5.4,48,179.2,354.7,6.0
106,576.5,1031.3,5.5,11,1574.5,2249.2,5.4,135,44.3,45.6,5.7,48,46.5,55.0,6.5,2043,177.5,127.5,3.9,174,300.3,548.2,5.4,41,178.1,354.7,6.1
108,572.9,1031.2,5.5,11,1587.4,2249.2,5.4,136,49.3,46.1,5.7,37,53.5,55.4,6.5,2092,177.4,127.5,4.0,175,296.8,548.2,5.4,38,190.5,354.7,6.1
108,571.5,1031.2,5.5,11,1593.1,2249.2,5.4,145,49.0,46.5,5.8,27,62.3,55.4,6.7,2144,177.5,127.6,4.0,175,294.6,548.2,5.4,36,198.9,354.6,6.1
108,569.0,1031.2,5.5,11,1596.0,2249.2,5.4,156,48.0,46.8,5.8,22,74.7,55.4,6.7,2198,177.7,127.6,4.1,175,292.6,548.2,5.4,38,187.8,354.5,6.1
108,566.7,1031.2,5.5,11,1597.4,2249.2,5.4,152,46.5,46.9,5.7,17,100.5,55.5,6.6,2278,176.5,127.6,4.1,176,291.0,548.2,5.4,38,190.0,354.5,6.1
108,564.5,1031.2,5.5,11,1618.0,2249.2,5.4,145,48.7,47.7,5.7,9,181.5,55.4,6.7,2314,177.6,127.5,4.1,177,288.4,548.3,5.4,34,242.1,354.4,6.1
108,559.7,1031.2,5.5,11,1626.6,2249.2,5.4,157,49.5,47.4,5.6,8,215.3,57.0,7.1,2364,177.9,127.4,4.2,180,285.6,548.3,5.4,30,262.5,354.6,6.2
108,559.6,1031.2,5.5,11,1637.8,2249.2,5.4,169,53.3,48.4,5.7,6,148.3,56.8,7.3,2412,179.0,127.4,4.2,185,276.5,548.3,5.4,32,229.0,354.9,6.3
108,554.5,1031.2,5.5,11,1641.0,2249.2,5.4,173,57.5,48.4,5.6,8,147.3,56.6,7.3,2459,179.2,127.5,4.3,187,275.0,548.3,5.4,31,212.5,354.7,6.4
108,549.7,1031.2,5.5,11,1678.9,2249.2,5.4,167,53.3,48.9,5.7,10,123.7,56.6,7.2,2503,180.1,127.3,4.3,191,272.8,548.3,5.4,28,194.6,355.1,6.4
109,544.7,1031.2,5.5,11,1690.6,2249.2,5.4,167,55.8,49.4,5.7,9,144.3,56.7,7.2,2559,180.6,127.3,4.3,191,271.2,548.3,5.4,28,242.7,355.1,6.4
109,539.5,1031.2,5.5,11,1703.3,2249.2,5.4,171,49.9,49.5,5.6,13,146.8,56.6,7.2,2600,182.0,127.3,4.4,194,269.5,548.3,5.4,25,223.8,355.3,6.8
109,535.5,1031.2,5.5,11,1707.1,2249.2,5.4,179,44.2,49.3,5.7,12,164.7,56.8,7.2,2689,181.4,127.3,4.4,194,267.9,548.3,5.4,25,244.4,355.3,6.8
109,530.0,1031.2,5.5,11,1714.0,2249.2,5.4,180,49.1,49.0,5.7,14,161.1,56.7,7.1,2745,182.4,127.2,4.5,197,264.6,548.2,5.4,25,223.8,355.3,6.9
109,525.5,1031.2,5.5,11,1716.5,2249.2,5.4,175,52.3,49.1,5.7,16,146.2,56.8,7.2,2807,183.4,127.2,4.5,200,259.8,548.1,5.4,25,212.8,355.2,6.7
110,520.1,1031.2,5.5,11,1746.9,2249.2,5.4,165,52.2,48.4,5.6,16,151.9,56.8,7.2,2847,184.7,127.2,4.5,199,263.7,548.3,5.4,22,250.5,355.3,6.9
110,521.0,1031.2,5.5,11,1772.0,2249.2,5.4,152,51.9,48.7,5.6,9,159.3,56.8,7.2,2937,184.4,127.3,4.5,200,262.4,548.2,5.4,24,211.4,355.4,6.8
110,516.3,1031.2,5.5,13,1657.1,2249.4,5.6,138,51.3,48.1,5.6,4,330.1,56.8,7.1,3003,185.9,127.2,4.5,200,265.0,548.1,5.4,18,256.4,356.2,6.9
110,516.8,1031.2,5.5,13,1665.3,2249.4,5.6,118,51.8,48.0,5.6,0,,,,3085,186.7,127.2,4.5,199,266.3,548.1,5.4,19,219.9,356.2,7.1
110,511.3,1031.2,5.5,13,1680.0,2249.4,5.6,108,57.7,48.6,5.6,0,,,,3157,188.2,127.2,4.5,201,261.8,548.1,5.4,22,166.8,356.2,7.0
110,505.8,1031.2,5.5,13,1682.8,2249.4,5.6,114,58.1,49.0,5.6,0,,,,3208,190.1,127.2,4.6,204,255.6,548.0,5.4,24,174.7,356.2,7.0
110,500.2,1031.2,5.5,14,1634.7,2249.4,5.6,101,69.3,49.7,5.6,0,,,,3251,191.9,127.1,4.6,204,256.7,548.0,5.4,19,236.8,356.5,6.8
110,494.7,1031.2,5.5,14,1653.2,2249.4,5.6,106,70.7,50.4,5.6,0,,,,3336,191.9,127.2,4.6,204,254.6,547.9,5.4,21,241.4,356.7,6.7
109,493.7,1031.2,5.5,14,1655.1,2249.4,5.6,110,65.2,52.0,5.6,0,,,,3376,193.7,127.1,4.6,202,257.6,547.8,5.4,25,212.8,356.9,6.7
108,492.8,1031.2,5.5,15,1602.4,2249.4,5.7,123,64.5,52.7,5.5,0,,,,3430,195.1,127.0,4.6,202,256.4,547.9,5.4,28,189.5,357.4,6.4
108,487.3,1031.2,5.5,15,1599.3,2249.4,5.7,134,65.8,53.1,5.5,0,,,,3462,197.2,127.0,4.6,203,253.9,547.9,5.4,31,189.9,357.3,6.3
108,481.8,1031.2,5.5,15,1597.8,2249.4,5.7,141,63.0,53.2,5.6,0,,,,3492,199.0,127.0,4.6,208,247.4,547.9,5.4,32,193.8,357.5,6.1
108,476.3,1031.2,5.5,15,1599.4,2249.4,5.7,126,59.5,53.1,5.5,0,,,,3545,199.5,126.9,4.7,210,246.9,547.7,5.4,36,195.6,357.5,6.1
106,479.7,1031.1,5.5,15,1604.2,2249.4,5.7,108,64.9,53.0,5.5,0,,,,3599,200.2,126.8,4.7,213,244.3,547.5,5.4,40,192.7,357.6,6.1
106,474.2,1031.1,5.5,15,1606.9,2249.4,5.7,115,60.5,52.6,5.5,0,,,,3636,201.9,126.8,4.7,215,241.1,547.4,5.4,43,185.8,357.6,6.1
106,468.7,1031.1,5.5,15,1607.9,2249.4,5.7,103,68.6,51.3,5.5,0,,,,3689,202.4,126.7,4.7,215,240.7,547.4,5.4,46,181.1,357.8,6.0
106,463.2,1031.1,5.5,16,1573.4,2249.5,5.8,107,63.3,51.7,5.4,0,,,,3736,202.8,126.6,4.7,218,234.8,547.3,5.4,50,192.1,357.6,6.0
106,457.8,1031.1,5.5,16,1585.6,2249.5,5.8,117,58.6,52.0,5.5,0,,,,3785,203.4,126.6,4.8,216,240.1,547.3,5.4,43,186.4,357.8,6.0
106,452.3,1031.1,5.5,16,1594.7,2249.5,5.8,123,57.0,52.3,5.5,0,,,,3826,204.8,126.5,4.8,221,235.0,547.5,5.4,36,195.3,357.8,6.2
106,446.8,1031.1,5.5,16,1599.8,2249.5,5.8,124,61.4,51.9,5.5,0,,,,3894,204.7,126.5,4.8,222,234.2,547.4,5.4,33,194.7,357.6,6.4
106,441.3,1031.1,5.5,16,1606.9,2249.5,5.8,126,57.6,51.3,5.5,0,,,,3949,205.4,126.5,4.8,226,232.5,547.4,5.4,30,197.9,357.5,6.5
106,435.8,1031.1,5.5,16,1613.4,2249.5,5.8,122,53.6,51.3,5.5,0,,,,4012,205.7,126.5,4.8,227,230.9,547.4,5.4,31,201.8,357.4,6.6
106,430.3,1031.1,5.5,16,1619.4,2249.5,5.8,117,56.8,51.3,5.4,0,,,,4056,206.8,126.5,4.9,226,230.1,547.4,5.4,29,221.5,357.5,6.4
106,424.9,1031.1,5.5,16,1623.5,2249.5,5.8,115,62.3,51.4,5.5,0,,,,4149,205.6,126.5,4.9,222,232.6,547.3,5.4,28,259.7,357.4,6.5
106,419.4,1031.1,5.5,16,1624.2,2249.5,5.8,118,69.9,52.6,5.5,0,,,,4203,206.4,126.4,4.9,221,235.5,547.2,5.4,24,191.6,357.4,6.8
106,413.9,1031.1,5.5,17,1583.6,2249.5,5.8,125,57.8,53.9,5.6,0,,,,4254,207.3,126.4,4.9,220,238.3,547.3,5.4,20,186.3,357.2,7.3
106,408.4,1031.1,5.5,17,1594.1,2249.5,5.8,116,60.3,53.5,5.7,0,,,,4305,208.1,126.4,5.0,222,236.6,547.4,5.4,13,261.4,357.1,7.2
105,406.8,1031.1,5.5,19,1545.4,2249.5,5.8,116,55.7,52.8,5.7,0,,,,4389,208.2,126.4,5.0,220,236.0,547.4,5.4,17,182.4,357.7,7.2
105,401.3,1031.1,5.5,19,1549.0,2249.5,5.8,109,65.6,52.4,5.8,0,,,,4452,208.7,126.5,5.0,218,238.4,547.4,5.4,11,258.9,357.3,7.6
105,395.9,1031.1,5.5,19,1552.8,2249.5,5.8,118,61.3,52.2,5.9,0,,,,4521,209.1,126.4,5.1,220,232.8,547.5,5.4,11,344.7,357.3,7.6
104,394.2,1031.1,5.5,19,1554.8,2249.5,5.8,120,59.8,51.6,6.0,0,,,,4587,209.7,126.4,5.1,220,231.8,547.5,5.4,13,285.9,356.9,7.8
102,396.4,1031.1,5.5,19,1562.7,2249.5,5.8,118,60.9,50.8,6.1,0,,,,4667,209.8,126.4,5.1,221,228.9,547.4,5.4,14,269.1,356.9,7.7
102,397.6,1031.1,5.5,20,1529.1,2249.6,5.8,122,58.1,50.3,6.0,0,,,,4730,210.6,126.4,5.1,217,232.3,547.6,5.4,10,176.8,356.7,7.8
101,396.0,1031.1,5.5,20,1530.8,2249.6,5.8,133,58.1,50.5,6.1,0,,,,4803,211.1,126.4,5.2,221,224.4,547.5,5.4,8,219.3,357.1,7.6
100,394.5,1031.1,5.5,20,1531.1,2249.6,5.8,126,65.3,49.8,6.0,0,,,,4872,211.1,126.4,5.2,219,227.2,547.5,5.4,8,290.5,357.1,7.6
100,389.0,1031.1,5.5,20,1541.1,2249.6,5.8,114,62.2,49.2,5.9,0,,,,4966,210.9,126.5,5.2,219,225.6,547.5,5.4,10,275.0,357.3,7.3
100,383.5,1031.1,5.5,21,1521.9,2249.5,5.8,107,54.5,47.7,5.8,0,,,,5036,211.7,126.5,5.2,220,225.3,547.5,5.4,8,272.8,357.8,7.5
100,378.0,1031.1,5.5,21,1530.9,2249.5,5.8,98,61.1,47.7,5.9,0,,,,5112,212.1,126.5,5.3,220,224.1,547.6,5.4,7,285.1,356.8,8.3
100,372.5,1031.1,5.5,21,1541.0,2249.5,5.8,85,56.3,47.2,5.8,0,,,,5204,212.2,126.5,5.3,219,223.3,547.5,5.4,7,281.9,355.6,8.5
100,367.0,1031.1,5.5,21,1542.9,2249.5,5.8,79,56.9,48.9,5.8,0,,,,5275,213.1,126.5,5.3,218,221.0,547.5,5.4,8,236.3,356.6,8.1
100,361.5,1031.1,5.5,21,1539.9,2249.5,5.8,71,67.9,50.2,5.9,0,,,,5359,213.4,126.6,5.3,218,218.5,547.5,5.4,8,178.7,357.5,7.4
99,367.1,1031.1,5.5,21,1536.8,2249.5,5.8,62,56.5,50.8,6.0,0,,,,5463,213.1,126.6,5.3,220,214.7,547.5,5.4,8,216.0,357.9,7.3
96,372.9,1031.1,5.5,21,1532.6,2249.5,5.8,56,67.8,54.0,6.2,0,,,,5535,214.0,126.7,5.3,219,212.7,547.5,5.4,8,299.0,357.9,7.3
95,371.3,1031.1,5.5,21,1535.4,2249.5,5.8,59,64.7,55.0,6.2,0,,,,5623,214.4,126.7,5.3,216,213.1,547.5,5.4,6,433.7,358.7,7.4
94,369.6,1031.1,5.5,21,1530.9,2249.5,5.8,63,58.2,54.8,6.3,0,,,,5718,214.8,126.7,5.3,215,211.8,547.4,5.4,6,440.6,358.7,7.4
94,364.1,1031.1,5.5,21,1525.5,2249.5,5.8,71,63.0,54.6,6.3,0,,,,5788,215.9,126.6,5.4,216,206.6,547.5,5.4,7,414.5,359.5,7.2
94,358.6,1031.1,5.5,21,1523.7,2249.5,5.8,65,72.4,53.4,6.3,0,,,,5859,216.8,126.6,5.4,212,208.1,547.4,5.4,8,378.7,360.2,7.5
94,353.1,1031.1,5.5,21,1522.0,2249.5,5.8,68,66.3,53.2,6.4,0,,,,5958,216.9,126.6,5.4,209,208.4,547.3,5.4,10,251.0,360.7,7.1
93,351.3,1031.1,5.5,21,1520.3,2249.5,5.8,60,73.0,52.1,6.5,0,,,,6030,217.9,126.6,5.4,209,205.9,547.3,5.4,13,177.0,361.4,6.8
92,349.5,1031.0,5.5,21,1515.0,2249.5,5.8,58,78.4,50.8,6.5,0,,,,6105,218.6,126.6,5.4,209,203.2,547.3,5.4,12,263.7,362.0,6.5
92,344.0,1031.0,5.5,21,1509.2,2249.5,5.8,71,76.1,50.2,6.6,0,,,,6174,219.3,126.6,5.4,209,199.1,547.2,5.4,13,326.4,362.2,6.5
92,338.5,1031.0,5.5,21,1504.9,2249.5,5.8,82,71.9,50.0,6.6,0,,,,6248,219.8,126.6,5.4,207,197.4,547.1,5.4,16,309.4,362.0,6.6
92,336.5,1031.0,5.5,21,1500.4,2249.5,5.8,95,66.0,50.2,6.6,0,,,,6307,220.6,126.6,5.4,204,197.6,547.1,5.4,17,257.0,361.7,6.7
92,332.4,1031.0,5.5,21,1495.8,2249.5,5.8,98,74.4,50.2,6.7,0,,,,6372,221.1,126.5,5.5,203,195.6,547.2,5.4,19,210.1,361.9,6.4
92,328.7,1031.0,5.5,21,1490.9,2249.5,5.8,106,69.0,50.7,6.7,0,,,,6428,221.9,126.5,5.5,200,195.9,547.1,5.4,19,216.6,362.4,6.3
93,326.0,1031.0,5.5,21,1486.1,2249.5,5.8,106,71.5,50.4,6.8,0,,,,6488,222.2,126.5,5.5,200,194.0,547.0,5.4,18,286.3,362.4,6.3
93,320.5,1031.0,5.5,21,1481.0,2249.5,5.8,114,65.4,50.8,6.8,0,,,,6555,222.4,126.5,5.5,202,192.4,547.1,5.4,22,250.9,362.7,6.1
92,320.4,1031.0,5.5,21,1475.6,2249.5,5.8,111,70.3,51.1,6.8,0,,,,6612,222.7,126.5,5.5,198,195.3,547.2,5.4,23,269.2,362.7,6.1
93,316.8,1031.0,5.5,21,1469.8,2249.5,5.8,128,62.7,50.1,6.8,0,,,,6659,223.3,126.4,5.5,196,196.5,547.0,5.4,26,258.2,363.1,6.1
92,316.5,1031.0,5.5,21,1464.0,2249.5,5.8,123,67.8,47.9,6.8,0,,,,6716,223.2,126.4,5.5,195,200.1,546.8,5.4,31,225.6,363.0,6.1
88,325.9,1031.0,5.5,21,1458.2,2249.5,5.8,115,72.1,47.0,6.7,0,,,,6771,223.4,126.5,5.5,195,199.5,546.7,5.4,41,186.4,362.9,6.1
88,328.1,1031.0,5.5,21,1452.3,2249.5,5.8,113,69.6,45.1,6.9,0,,,,6809,223.6,126.4,5.6,192,202.6,547.0,5.4,45,206.2,363.1,6.0
87,340.2,1031.0,5.5,21,1446.5,2249.5,5.8,111,72.9,44.7,7.0,0,,,,6878,223.1,126.4,5.6,187,207.5,546.9,5.4,44,210.7,362.9,6.0
87,338.5,1031.0,5.5,21,1440.7,2249.5,5.8,109,61.6,43.2,7.0,0,,,,6939,222.9,126.4,5.6,184,213.9,547.2,5.4,48,210.0,363.1,5.9
88,340.4,1031.0,5.5,21,1434.9,2249.5,5.8,118,57.1,43.3,6.9,0,,,,7000,222.7,126.4,5.6,184,211.4,547.2,5.4,49,229.2,363.2,5.9
87,343.8,1031.0,5.5,21,1429.1,2249.5,5.8,124,65.2,43.9,7.0,0,,,,7042,222.9,126.4,5.6,186,208.0,547.2,5.4,49,255.4,362.9,6.0
87,351.2,1030.9,5.5,21,1423.3,2249.5,5.8,121,63.6,44.6,7.0,0,,,,7109,222.5,126.3,5.6,179,215.2,547.4,5.4,57,202.2,363.3,6.1
86,353.4,1030.9,5.5,21,1417.5,2249.5,5.8,125,64.4,45.6,6.9,0,,,,7187,221.9,126.3,5.6,179,212.8,547.4,5.4,61,201.7,363.3,6.1
88,357.5,1030.9,5.4,21,1412.0,2249.5,5.8,122,72.5,45.8,6.7,0,,,,7221,222.1,126.4,5.6,178,212.8,547.4,5.4,58,246.9,363.2,6.0
89,357.2,1030.9,5.4,21,1406.2,2249.5,5.8,118,92.9,46.8,6.6,0,,,,7269,221.7,126.3,5.6,177,211.5,547.4,5.4,64,251.1,363.1,6.0
91,366.6,1030.9,5.4,21,1400.4,2249.5,5.8,121,103.9,47.9,6.7,0,,,,7308,221.6,126.3,5.6,180,207.0,547.6,5.4,64,255.1,363.2,6.0
88,382.9,1030.9,5.4,21,1394.6,2249.5,5.8,129,99.4,49.4,6.7,0,,,,7341,221.4,126.4,5.6,176,212.3,547.4,5.4,71,263.6,363.2,6.0
88,393.6,1031.1,5.5,21,1388.8,2249.5,5.8,133,105.3,50.8,6.8,0,,,,7359,221.6,126.3,5.6,176,217.0,547.4,5.4,79,223.5,363.3,6.0
88,404.1,1031.1,5.5,21,1383.0,2249.5,5.8,155,89.0,51.9,6.7,0,,,,7382,221.4,126.3,5.6,176,216.6,547.6,5.4,80,236.3,363.3,6.0
90,404.4,1031.1,5.4,21,1377.2,2249.5,5.8,179,87.4,51.7,6.7,0,,,,7404,221.5,126.3,5.7,173,218.5,547.4,5.4,93,214.3,363.1,6.0
93,410.7,1031.1,5.5,21,1371.3,2249.5,5.8,191,90.9,51.8,6.6,0,,,,7436,221.0,126.4,5.7,172,220.1,547.6,5.4,95,220.5,363.2,6.0
93,418.6,1031.2,5.5,21,1366.7,2249.5,5.8,194,84.5,53.3,6.5,0,,,,7463,220.7,126.4,5.7,172,221.4,547.6,5.4,106,219.0,363.1,6.0
92,428.2,1031.1,5.5,21,1362.8,2249.5,5.8,205,79.8,53.8,6.5,0,,,,7474,220.9,126.4,5.7,170,226.4,547.6,5.5,120,193.0,363.2,5.9
94,428.6,1031.2,5.5,21,1359.4,2249.5,5.8,214,76.6,53.9,6.5,0,,,,7466,221.2,126.4,5.7,170,229.2,547.6,5.5,131,194.7,363.1,5.8
93,435.2,1031.2,5.5,21,1353.6,2249.5,5.8,231,74.1,54.6,6.5,0,,,,7530,219.8,126.4,5.7,171,231.9,547.6,5.5,137,190.6,363.2,5.9
93,438.5,1031.2,5.5,21,1347.8,2249.5,5.8,229,71.8,55.5,6.5,0,,,,7558,219.5,126.5,5.7,176,232.0,547.8,5.5,141,188.0,363.2,5.8
93,439.3,1031.2,5.5,21,1343.4,2249.5,5.8,223,68.0,55.2,6.4,0,,,,7565,219.5,126.5,5.7,177,237.1,547.6,5.5,160,180.0,363.1,5.8
95,440.6,1031.2,5.5,21,1340.3,2249.5,5.8,214,75.3,56.2,6.4,0,,,,7599,218.9,126.5,5.7,182,232.7,547.7,5.5,178,167.8,363.1,5.8
93,454.0,1031.1,5.5,21,1335.7,2249.5,5.8,202,86.2,56.3,6.3,0,,,,7607,218.5,126.5,5.7,182,236.2,547.7,5.5,189,176.3,363.0,5.9
94,454.3,1031.2,5.5,21,1331.6,2249.5,5.8,208,84.4,56.6,6.3,0,,,,7633,217.7,126.6,5.7,178,244.7,547.5,5.5,198,183.8,363.0,5.9
93,455.4,1031.2,5.5,21,1327.0,2249.5,5.8,211,80.5,56.9,6.3,0,,,,7660,217.3,126.6,5.7,179,244.8,547.5,5.5,223,171.7,363.1,5.9
92,460.6,1031.2,5.5,21,1327.3,2249.5,5.8,212,85.7,56.9,6.3,0,,,,7671,216.8,126.7,5.8,175,250.2,547.5,5.5,240,171.7,363.1,5.9
93,459.9,1031.3,5.5,21,1323.4,2249.5,5.8,220,88.4,56.8,6.3,0,,,,7662,216.6,126.7,5.8,176,250.7,547.6,5.5,256,177.2,363.1,5.9
92,467.8,1031.2,5.5,21,1317.6,2249.5,5.8,247,81.1,56.7,6.4,0,,,,7697,215.8,126.8,5.8,176,252.3,547.6,5.5,274,171.4,363.2,5.9
93,472.7,1031.2,5.5,21,1313.6,2249.5,5.8,270,74.3,56.3,6.5,0,,,,7693,215.7,126.8,5.8,178,254.9,547.5,5.5,292,163.7,363.1,5.9
96,472.0,1031.2,5.5,21,1310.1,2249.5,5.8,295,70.2,56.3,6.6,0,,,,7666,216.1,126.9,5.8,179,254.8,547.6,5.5,297,169.6,363.2,5.9
97,475.6,1031.2,5.5,21,1304.6,2249.5,5.8,311,68.1,56.5,6.7,0,,,,7663,216.0,126.9,5.8,183,251.2,547.6,5.5,319,160.5,363.3,5.9
99,479.2,1031.2,5.5,21,1298.8,2249.5,5.8,323,71.0,56.9,6.7,0,,,,7679,215.2,127.0,5.8,186,251.9,547.5,5.5,327,158.6,363.2,5.8
101,487.9,1031.2,5.5,21,1299.1,2249.5,5.8,343,69.5,57.1,6.8,0,,,,7672,214.9,127.1,5.8,186,254.2,547.6,5.6,327,162.6,363.2,5.8
99,501.0,1031.2,5.5,21,1295.1,2249.5,5.8,351,71.2,56.8,6.9,0,,,,7698,214.0,127.1,5.8,186,255.6,547.6,5.5,343,153.8,363.2,5.8
100,503.7,1031.2,5.5,21,1289.3,2249.5,5.8,381,72.7,56.7,7.0,0,,,,7722,213.1,127.2,5.9,189,254.5,547.7,5.5,348,150.4,363.1,5.8
101,510.6,1031.1,5.5,21,1284.9,2249.5,5.8,415,73.1,57.2,7.1,0,,,,7708,212.3,127.2,5.9,184,263.9,547.9,5.5,356,154.5,363.0,5.8
102,519.4,1031.2,5.5,21,1279.1,2249.5,5.8,443,75.6,57.2,7.1,0,,,,7701,211.9,127.3,5.9,183,267.8,547.7,5.5,366,150.2,363.0,5.7
103,529.7,1031.1,5.5,21,1273.2,2249.5,5.8,468,72.8,57.2,7.3,0,,,,7700,211.2,127.3,5.9,184,266.7,547.7,5.5,384,145.3,362.9,5.8
103,527.1,1031.1,5.5,21,1267.4,2249.5,5.8,510,70.2,57.1,7.4,0,,,,7674,211.1,127.4,5.9,189,261.2,547.7,5.5,389,148.4,362.9,5.7
104,536.6,1031.2,5.5,21,1265.0,2249.5,5.8,539,68.0,57.1,7.4,0,,,,7653,210.8,127.4,5.9,189,260.9,547.8,5.5,394,153.8,362.8,5.7
105,537.2,1031.2,5.5,21,1263.5,2249.5,5.8,577,67.8,57.3,7.5,0,,,,7637,210.5,127.4,5.9,188,262.0,547.8,5.5,414,145.1,362.9,5.8
105,544.0,1031.2,5.5,21,1257.7,2249.5,5.8,621,64.1,57.4,7.4,0,,,,7591,210.4,127.4,5.9,191,257.5,547.8,5.5,423,149.5,362.9,5.8
106,554.4,1031.1,5.5,21,1251.9,2249.5,5.8,645,68.0,57.6,7.5,0,,,,7548,210.0,127.4,5.9,189,259.2,547.8,5.5,444,141.4,362.9,5.8
107,554.0,1031.1,5.5,21,1246.1,2249.5,5.8,683,67.3,57.8,7.5,0,,,,7499,209.6,127.3,5.9,189,257.3,547.8,5.5,458,146.8,363.0,5.8
108,557.3,1031.1,5.5,21,1240.3,2249.5,5.8,715,67.5,57.8,7.5,0,,,,7394,210.3,127.3,5.9,189,255.3,547.7,5.5,476,147.4,362.9,5.8
109,564.6,1031.1,5.5,21,1234.4,2249.5,5.8,754,67.2,57.9,7.5,0,,,,7300,210.8,127.3,5.9,188,256.8,547.8,5.5,485,149.7,363.0,5.8
111,570.6,1031.2,5.5,21,1228.6,2249.5,5.8,782,69.1,58.0,7.5,0,,,,7231,210.1,127.3,6.0,187,258.9,547.7,5.6,495,156.0,363.0,5.8
111,582.1,1031.2,5.5,21,1222.8,2249.5,5.8,801,68.1,57.9,7.6,0,,,,7152,210.3,127.2,6.0,191,254.3,547.8,5.6,522,147.9,363.0,5.8
114,579.7,1031.3,5.5,21,1217.0,2249.5,5.8,829,67.4,57.9,7.6,0,,,,7003,210.5,127.2,6.0,191,254.8,548.0,5.6,544,149.2,363.0,5.8
114,588.3,1031.3,5.5,21,1211.2,2249.5,5.8,862,64.7,57.9,7.7,0,,,,6906,210.2,127.2,6.0,190,258.5,548.0,5.5,554,150.1,362.9,5.8
113,600.1,1031.3,5.5,21,1205.4,2249.5,5.8,894,63.7,57.9,7.7,0,,,,6793,210.2,127.2,6.0,194,255.3,548.0,5.5,570,149.6,362.9,5.8
114,612.5,1031.3,5.5,21,1199.5,2249.5,5.8,920,64.4,57.9,7.7,0,,,,6659,210.8,127.3,6.0,194,256.2,548.0,5.6,579,147.6,362.9,5.8
114,617.0,1031.3,5.5,21,1193.7,2249.5,5.8,932,63.9,57.9,7.7,0,,,,6538,210.8,127.4,6.0,196,254.4,547.9,5.6,589,146.5,362.8,5.8
116,617.4,1031.2,5.5,21,1187.9,2249.5,5.8,933,62.8,57.8,7.7,0,,,,6423,210.6,127.4,6.0,200,251.4,548.0,5.6,608,147.1,362.8,5.8
117,621.2,1031.2,5.5,21,1182.1,2249.5,5.8,934,64.5,57.9,7.7,0,,,,6289,210.2,127.4,6.0,198,256.6,548.0,5.6,620,149.8,362.8,5.8
119,626.3,1031.2,5.5,21,1176.3,2249.5,5.8,935,62.3,58.0,7.7,0,,,,6205,209.3,127.5,6.0,203,257.0,548.0,5.6,624,148.4,362.7,5.8
124,627.0,1031.2,5.5,21,1170.5,2249.5,5.8,918,61.0,58.1,7.7,0,,,,6117,208.5,127.5,6.0,209,259.6,548.2,5.6,626,145.9,362.7,5.8
127,631.6,1031.2,5.5,21,1164.7,2249.5,5.8,883,60.9,58.3,7.7,0,,,,5996,208.4,127.5,6.0,211,263.6,548.4,5.6,628,145.9,362.6,5.8
128,637.9,1031.2,5.5,21,1158.8,2249.5,5.8,861,60.5,58.3,7.7,0,,,,5955,206.9,127.5,6.0,217,261.6,548.4,5.6,632,142.3,362.6,5.8
132,643.8,1031.3,5.5,21,1153.0,2249.5,5.8,860,58.9,58.5,7.8,0,,,,5877,206.3,127.4,6.0,220,262.2,548.5,5.6,620,145.2,362.6,5.8
134,645.3,1031.3,5.5,21,1147.2,2249.5,5.8,851,58.1,58.6,7.8,0,,,,5780,206.1,127.5,6.0,219,268.2,548.5,5.6,629,145.2,362.6,5.8
137,649.9,1031.3,5.5,21,1141.4,2249.5,5.8,838,58.4,58.6,7.8,0,,,,5727,204.7,127.4,5.9,222,263.9,548.5,5.6,637,145.0,362.5,5.8
139,653.3,1031.3,5.5,21,1135.6,2249.5,5.8,820,58.9,58.7,7.8,0,,,,5658,204.3,127.4,5.9,225,259.7,548.6,5.6,654,138.8,362.5,5.8
141,657.5,1031.3,5.5,21,1129.8,2249.5,5.8,803,57.6,58.7,7.8,0,,,,5588,204.1,127.4,5.9,227,259.1,548.6,5.6,651,139.6,362.5,5.8
144,655.7,1031.3,5.5,21,1124.0,2249.5,5.8,800,57.9,58.9,7.8,0,,,,5558,203.3,127.4,5.9,231,256.1,548.8,5.6,648,137.3,362.5,5.8
147,655.0,1031.3,5.5,21,1118.1,2249.5,5.8,788,55.6,59.1,7.8,0,,,,5502,203.0,127.3,5.9,230,258.7,548.9,5.6,636,144.9,362.4,5.8
148,658.5,1031.2,5.5,21,1112.3,2249.5,5.8,764,55.5,59.2,7.9,0,,,,5479,202.0,127.3,5.8,230,260.9,549.0,5.6,643,141.0,362.5,5.8
151,660.6,1031.2,5.5,21,1106.5,2249.5,5.8,738,52.8,59.3,7.9,0,,,,5471,200.8,127.3,5.8,234,260.7,549.2,5.6,635,139.9,362.5,5.8
154,661.1,1031.2,5.5,21,1100.7,2249.5,5.8,714,53.6,59.3,8.0,0,,,,5422,200.8,127.3,5.8,236,256.9,549.4,5.6,641,137.3,362.5,5.8
155,663.4,1031.3,5.5,21,1094.9,2249.5,5.8,693,53.7,59.0,7.9,0,,,,5399,200.1,127.3,5.7,233,259.9,549.5,5.6,657,130.7,362.5,5.8
157,662.7,1031.3,5.5,21,1089.1,2249.5,5.8,653,54.4,58.9,7.9,0,,,,5370,199.5,127.4,5.7,236,259.0,549.6,5.6,655,132.8,362.5,5.8
160,659.6,1031.2,5.5,21,1083.2,2249.5,5.8,624,55.8,58.6,8.0,0,,,,5340,199.0,127.5,5.7,239,255.2,549.7,5.6,644,137.6,362.6,5.8
160,659.4,1031.2,5.5,21,1077.4,2249.5,5.8,603,53.5,58.4,8.0,0,,,,5312,199.0,127.5,5.7,239,256.6,549.8,5.6,655,136.4,362.6,5.8
161,658.8,1031.2,5.5,21,1071.6,2249.5,5.8,598,53.2,58.1,8.0,0,,,,5299,198.6,127.5,5.6,243,253.1,549.8,5.6,651,135.6,362.6,5.8
162,655.6,1031.2,5.5,21,1065.8,2249.5,5.8,555,51.3,57.9,7.9,0,,,,5288,199.1,127.6,5.6,243,257.4,549.8,5.6,647,132.8,362.6,5.8
164,651.7,1031.2,5.5,21,1060.0,2249.5,5.8,530,49.6,57.8,7.8,0,,,,5273,199.9,127.6,5.7,246,254.1,549.9,5.7,650,130.0,362.6,5.8
165,650.4,1031.3,5.5,20,1106.8,2249.8,5.9,491,53.2,57.9,7.8,0,,,,5261,200.1,127.6,5.7,248,254.4,550.1,5.6,657,125.9,362.7,5.8
165,654.6,1031.3,5.5,20,1101.0,2249.8,5.9,466,56.3,57.4,7.8,0,,,,5259,200.8,127.6,5.6,247,254.3,550.3,5.6,640,127.8,362.8,5.8
167,649.9,1031.3,5.5,20,1095.1,2249.8,5.9,436,62.4,57.2,7.6,0,,,,5232,202.5,127.6,5.7,247,251.1,550.3,5.6,630,128.5,362.8,5.8
168,648.4,1031.3,5.5,20,1089.3,2249.8,5.9,421,63.2,56.8,7.5,0,,,,5252,203.5,127.7,5.7,246,250.5,550.3,5.6,619,124.5,362.8,5.8
168,650.0,1031.3,5.5,20,1101.0,2249.8,5.9,398,60.2,56.7,7.4,0,,,,5296,204.2,127.7,5.7,245,249.0,550.4,5.6,614,119.0,362.9,5.8
171,649.0,1031.3,5.5,20,1095.2,2249.8,5.9,370,63.5,56.3,7.3,0,,,,5328,204.8,127.7,5.7,242,248.8,550.5,5.6,593,120.3,362.9,5.8
171,650.1,1031.3,5.5,20,1089.3,2249.8,5.9,341,69.4,55.5,7.0,0,,,,5364,206.2,127.8,5.7,240,248.0,550.5,5.6,574,119.7,362.9,5.8
174,648.4,1031.3,5.5,20,1083.5,2249.8,5.9,333,67.6,54.8,6.8,0,,,,5427,207.1,127.8,5.7,236,248.1,550.6,5.6,552,117.3,362.9,5.8
176,650.7,1031.3,5.5,20,1077.6,2249.8,5.9,319,67.6,54.0,6.6,0,,,,5517,207.0,127.8,5.7,237,243.2,550.7,5.6,534,111.8,362.9,5.8
180,646.0,1031.4,5.5,20,1071.8,2249.8,5.9,329,67.8,53.6,6.5,0,,,,5593,207.3,127.8,5.7,235,240.8,550.7,5.6,499,112.1,362.9,5.8
180,645.9,1031.4,5.5,20,1065.9,2249.8,5.9,337,65.9,53.3,6.4,0,,,,5660,207.8,127.8,5.8,235,239.2,550.7,5.6,468,112.5,362.9,5.8
181,641.2,1031.4,5.5,20,1060.0,2249.8,5.9,356,68.3,53.0,6.3,0,,,,5718,208.6,127.9,5.8,232,238.9,550.8,5.6,446,111.8,362.9,5.7
182,641.3,1031.4,5.5,20,1054.2,2249.8,5.9,359,65.3,52.9,6.2,0,,,,5799,208.7,127.9,5.8,231,235.5,550.7,5.6,422,110.6,362.9,5.7
185,635.1,1031.4,5.5,20,1048.3,2249.8,5.9,383,70.9,52.9,6.1,0,,,,5853,209.2,127.9,5.8,228,233.7,550.7,5.6,397,111.1,362.9,5.7
186,633.6,1031.4,5.5,20,1042.5,2249.8,5.9,408,66.6,52.7,6.1,0,,,,5885,210.4,128.0,5.8,227,230.6,550.8,5.6,376,111.1,362.9,5.7
186,634.2,1031.4,5.5,20,1036.6,2249.8,5.9,427,66.1,52.8,6.1,0,,,,5938,211.0,128.0,5.8,224,229.0,550.8,5.6,363,109.3,362.8,5.7
188,631.0,1031.4,5.5,20,1030.8,2249.8,5.9,450,69.7,52.9,6.0,0,,,,5996,211.3,128.0,5.8,221,227.0,550.8,5.6,348,107.6,362.8,5.7
191,630.1,1031.4,5.5,20,1024.9,2249.8,5.9,462,65.7,52.9,6.0,0,,,,6064,211.1,128.1,5.8,216,227.7,550.8,5.6,338,104.6,362.8,5.7
195,624.7,1031.5,5.5,20,1019.0,2249.8,5.9,503,62.9,53.1,5.9,0,,,,6114,211.8,128.1,5.8,217,221.6,550.8,5.7,326,102.6,362.8,5.7
196,622.5,1031.5,5.5,20,1013.2,2249.8,5.9,515,62.9,53.2,5.9,0,,,,6159,212.4,128.1,5.9,215,220.8,550.7,5.7,307,102.7,362.8,5.7
198,619.4,1031.5,5.5,20,1008.8,2249.8,5.9,547,61.1,53.4,5.8,0,,,,6218,212.6,128.2,5.9,214,216.7,550.7,5.7,299,99.8,362.9,5.7
200,615.3,1031.5,5.5,20,1005.6,2249.8,5.9,567,60.8,53.7,5.8,0,,,,6247,213.6,128.2,5.9,210,215.9,550.9,5.6,291,96.6,362.8,5.7
200,615.1,1031.5,5.5,20,1006.9,2249.8,5.9,583,60.0,54.0,5.8,0,,,,6287,214.3,128.2,5.9,211,211.7,550.8,5.6,279,95.4,362.9,5.7
202,612.0,1031.5,5.5,20,1003.0,2249.8,5.9,603,58.5,54.0,5.8,0,,,,6326,214.8,128.2,5.9,210,208.1,550.8,5.6,267,92.4,362.9,5.7
205,611.7,1031.6,5.5,20,999.8,2249.8,5.9,633,54.3,54.2,5.8,0,,,,6345,215.7,128.2,5.9,209,203.9,550.8,5.7,261,88.5,363.0,5.7
208,610.5,1031.6,5.5,20,997.9,2249.8,5.9,625,53.3,54.3,5.8,0,,,,6408,215.7,128.3,5.9,209,199.7,550.8,5.6,246,87.4,363.1,5.7
210,611.5,1031.6,5.5,20,994.5,2249.8,5.9,618,55.9,54.5,5.9,0,,,,6418,216.9,128.3,5.9,209,195.2,550.9,5.7,235,86.1,363.1,5.7
212,610.8,1031.6,5.5,20,997.9,2249.8,5.9,612,54.5,54.4,5.8,0,,,,6463,217.5,128.3,5.9,207,192.3,551.0,5.6,227,83.0,363.2,5.7
214,609.8,1031.6,5.5,20,996.9,2249.8,5.9,601,53.1,54.3,5.9,0,,,,6526,217.7,128.4,6.0,203,191.6,551.2,5.6,222,79.5,363.3,5.7
217,606.3,1031.7,5.5,20,996.5,2249.8,5.9,592,53.2,54.2,5.9,0,,,,6568,218.1,128.4,6.0,201,189.3,551.2,5.6,216,75.9,363.3,5.7
218,606.3,1031.7,5.5,20,995.6,2249.8,5.9,580,51.7,54.1,5.9,0,,,,6603,219.1,128.5,6.0,199,186.1,551.3,5.6,209,73.1,363.4,5.7
221,602.9,1031.7,5.5,20,993.6,2249.8,5.9,572,53.5,54.3,6.0,0,,,,6665,218.7,128.5,6.0,193,186.7,551.3,5.6,196,72.2,363.5,5.7
223,599.2,1031.7,5.5,20,991.6,2249.8,5.9,571,55.4,54.4,6.1,0,,,,6713,218.8,128.6,6.0,191,185.2,551.2,5.6,190,69.2,363.5,5.7
225,595.4,1031.8,5.5,20,997.1,2249.8,5.9,577,57.5,54.6,6.2,0,,,,6740,219.7,128.6,6.0,190,181.8,551.2,5.6,180,67.1,363.5,5.6
225,598.9,1031.8,5.5,20,997.2,2249.8,5.9,568,61.6,54.8,6.2,0,,,,6782,219.8,128.7,6.0,189,177.4,551.3,5.6,172,65.0,363.6,5.6
228,596.9,1031.8,5.5,20,996.2,2249.8,5.9,567,61.8,55.0,6.3,0,,,,6840,219.5,128.8,6.0,188,173.7,551.2,5.6,160,64.3,363.7,5.6
228,598.0,1031.8,5.5,20,993.7,2249.8,5.9,573,63.1,55.2,6.3,0,,,,6852,220.7,128.9,6.0,188,168.9,551.1,5.6,145,64.1,363.7,5.7
230,595.2,1031.8,5.5,20,991.7,2249.8,5.9,573,60.8,55.5,6.4,0,,,,6882,221.2,129.0,6.1,186,170.8,551.2,5.6,134,63.5,363.6,5.6
232,592.6,1031.8,5.5,20,989.6,2249.8,5.9,585,62.3,55.7,6.5,0,,,,6935,220.9,129.1,6.1,184,170.0,551.2,5.6,126,61.6,363.6,5.6
232,591.9,1031.8,5.5,20,984.9,2249.8,5.9,595,62.9,55.9,6.5,0,,,,6962,221.4,129.2,6.1,182,167.8,551.2,5.6,115,61.9,363.6,5.6
235,589.1,1031.9,5.5,20,982.7,2249.8,5.9,602,62.6,56.1,6.5,0,,,,6991,221.8,129.4,6.1,182,166.2,551.2,5.6,103,63.6,363.5,5.5
238,588.5,1031.9,5.6,20,982.3,2249.8,5.9,584,63.9,56.3,6.6,0,,,,7040,221.7,129.5,6.1,182,162.2,551.1,5.6,98,59.9,363.4,5.6
239,590.1,1031.9,5.6,20,979.9,2249.8,5.9,571,64.2,56.3,6.5,0,,,,7060,222.3,129.6,6.1,179,162.5,551.1,5.6,91,58.6,363.4,5.6
240,587.5,1031.9,5.5,20,979.7,2249.8,5.9,586,63.9,56.5,6.5,0,,,,7084,222.7,129.7,6.1,179,160.2,551.1,5.6,84,58.3,363.5,5.5
243,587.1,1032.0,5.5,20,977.2,2249.8,5.9,609,65.2,56.4,6.5,0,,,,7098,222.8,129.9,6.1,177,157.1,551.1,5.6,78,56.9,363.5,5.6
247,583.9,1032.1,5.6,20,974.7,2249.8,5.9,637,63.7,56.3,6.5,0,,,,7091,223.9,130.0,6.1,171,158.2,551.1,5.6,72,57.3,363.6,5.6
251,580.5,1032.2,5.6,20,972.5,2249.8,5.9,687,60.4,56.3,6.6,0,,,,7090,224.5,130.1,6.2,169,155.8,551.2,5.6,71,53.2,363.6,5.6
251,580.1,1032.2,5.6,20,971.0,2249.8,5.9,731,56.7,56.3,6.6,0,,,,7078,225.6,130.2,6.2,169,153.7,551.2,5.6,67,51.8,363.5,5.6
255,576.1,1032.2,5.6,20,968.7,2249.8,5.9,773,56.0,56.3,6.7,0,,,,7051,227.1,130.3,6.2,170,150.1,551.1,5.6,62,50.1,363.5,5.6
259,574.7,1032.3,5.6,20,966.3,2249.8,5.9,775,55.3,56.1,6.7,0,,,,7046,227.7,130.5,6.2,168,149.7,551.2,5.6,58,49.4,363.6,5.6
266,574.3,1032.4,5.6,20,964.1,2249.8,5.9,777,52.6,55.8,6.6,0,,,,7057,227.9,130.6,6.2,165,149.3,551.2,5.6,48,54.7,363.4,5.6
270,573.8,1032.4,5.6,20,961.5,2249.8,5.9,784,54.3,55.7,6.6,0,,,,7035,229.0,130.6,6.2,159,150.0,551.1,5.6,43,57.3,363.5,5.6
271,574.9,1032.4,5.6,20,960.5,2249.8,5.9,766,53.7,55.7,6.7,0,,,,7048,229.5,130.7,6.2,157,148.9,551.0,5.6,41,49.6,363.3,5.8
274,575.1,1032.4,5.6,19,1014.4,2249.8,5.8,728,52.6,55.9,6.8,0,,,,7070,229.8,130.8,6.2,153,148.6,550.9,5.6,36,49.9,363.3,5.8
277,577.2,1032.5,5.6,19,1011.2,2249.8,5.8,697,53.1,55.8,6.7,0,,,,7069,230.4,130.9,6.2,150,148.2,550.9,5.6,32,50.0,363.0,5.8
281,576.9,1032.5,5.6,19,1009.9,2249.8,5.8,669,51.1,55.5,6.7,0,,,,7086,230.9,131.0,6.2,146,149.4,550.8,5.6,29,50.7,363.5,5.7
286,575.4,1032.6,5.6,19,1023.5,2249.8,5.8,602,51.2,55.0,6.6,0,,,,7127,230.8,131.1,6.3,144,149.7,550.7,5.6,26,52.5,363.7,5.7
288,574.0,1032.6,5.6,19,1043.2,2249.8,5.8,593,49.8,55.1,6.6,0,,,,7155,231.3,131.1,6.3,140,150.3,550.7,5.6,21,62.6,363.8,5.7
288,573.5,1032.6,5.6,19,1046.4,2249.8,5.8,570,53.9,55.0,6.6,0,,,,7198,231.0,131.1,6.3,135,151.1,550.2,5.6,20,59.8,364.1,5.8
289,570.1,1032.7,5.6,19,1067.5,2249.8,5.8,577,51.4,55.1,6.7,0,,,,7232,231.3,131.2,6.3,128,154.1,550.0,5.6,17,69.6,363.9,5.9
290,567.5,1032.7,5.6,19,1077.4,2249.8,5.8,564,53.8,55.2,6.7,0,,,,7273,231.1,131.2,6.3,124,153.7,549.8,5.6,17,63.7,363.9,5.9
291,564.7,1032.7,5.6,19,1090.3,2249.8,5.8,566,57.8,55.4,6.8,0,,,,7307,230.7,131.1,6.3,120,153.6,549.7,5.6,18,48.2,363.4,6.2
293,562.2,1032.7,5.6,19,1105.8,2249.8,5.8,574,58.6,55.6,6.9,0,,,,7314,231.2,131.2,6.4,116,153.3,549.6,5.5,15,50.9,363.3,6.4
293,562.0,1032.7,5.6,19,1114.3,2249.8,5.8,564,61.7,55.9,7.1,0,,,,7358,230.9,131.1,6.4,112,153.3,549.5,5.5,11,64.2,363.3,6.1
293,560.8,1032.7,5.6,19,1145.9,2249.8,5.8,565,63.5,55.9,7.2,0,,,,7389,230.5,131.1,6.4,108,153.7,549.3,5.5,10,67.8,363.0,6.2
295,558.3,1032.7,5.6,19,1150.8,2249.8,5.8,562,63.6,55.9,7.3,0,,,,7404,231.0,131.1,6.4,106,154.4,549.2,5.6,10,70.8,363.0,6.2
298,557.0,1032.8,5.6,19,1157.2,2249.8,5.8,570,67.7,56.0,7.3,0,,,,7411,230.9,131.1,6.4,100,159.4,549.1,5.5,9,72.2,362.5,6.3
299,558.2,1032.8,5.6,19,1157.0,2249.8,5.8,586,66.5,56.0,7.3,0,,,,7429,230.7,131.0,6.4,99,156.3,549.2,5.5,9,76.2,362.5,6.3
300,556.1,1032.8,5.6,19,1161.6,2249.8,5.8,591,72.5,56.0,7.3,0,,,,7445,230.3,131.0,6.4,96,155.7,549.2,5.5,7,97.9,361.5,6.7
302,552.8,1032.8,5.6,19,1170.3,2249.8,5.8,613,71.6,56.2,7.4,0,,,,7467,229.8,130.9,6.4,95,153.7,549.2,5.5,8,64.8,360.7,7.1
304,548.8,1032.8,5.6,19,1175.4,2249.8,5.8,624,77.2,56.6,7.5,0,,,,7469,229.8,130.9,6.5,92,156.6,549.6,5.5,5,93.3,358.8,8.1
305,546.7,1032.8,5.6,19,1194.2,2249.8,5.8,663,73.3,56.7,7.6,0,,,,7472,229.7,130.8,6.5,88,158.9,549.2,5.5,4,107.4,357.5,8.9
306,547.1,1032.9,5.6,19,1200.2,2249.8,5.8,693,69.7,57.0,7.6,0,,,,7479,229.8,130.8,6.5,85,168.2,549.0,5.5,3,151.9,358.3,8.7
302,552.3,1032.9,5.6,19,1202.0,2249.8,5.8,710,73.0,57.0,7.7,0,,,,7475,229.6,130.8,6.5,84,163.0,549.0,5.5,2,234.4,354.8,10.6
307,548.3,1032.9,5.6,19,1219.2,2249.8,5.8,747,70.8,57.3,7.7,0,,,,7465,229.7,130.8,6.5,79,169.0,548.3,5.5,2,272.9,354.8,10.6
309,545.7,1032.9,5.6,19,1227.1,2249.8,5.8,770,69.0,57.5,7.8,0,,,,7465,229.8,130.8,6.5,77,170.0,547.9,5.5,2,262.3,354.8,10.6
309,544.3,1032.9,5.6,20,1214.5,2249.8,5.9,785,71.5,57.9,7.8,0,,,,7466,229.4,130.8,6.5,75,170.9,547.7,5.5,2,291.0,354.8,10.6
308,547.0,1032.9,5.6,20,1219.9,2249.8,5.9,772,72.4,58.1,7.8,0,,,,7456,229.5,130.8,6.5,74,175.4,547.7,5.5,2,280.4,354.8,10.6
311,545.7,1032.9,5.6,20,1225.3,2249.8,5.9,782,71.1,58.4,7.9,0,,,,7459,229.2,130.8,6.5,74,171.1,547.2,5.5,3,141.4,354.8,10.9
310,546.2,1032.9,5.6,20,1229.3,2249.8,5.9,789,69.7,58.6,8.0,0,,,,7448,229.5,130.8,6.5,73,170.5,547.0,5.5,3,130.5,354.8,10.9
311,545.6,1032.9,5.6,20,1234.4,2249.8,5.9,815,70.2,59.1,8.0,0,,,,7448,229.3,130.8,6.5,74,165.8,547.2,5.5,2,206.3,354.8,10.6
316,544.3,1033.0,5.6,20,1234.8,2249.8,5.9,823,73.0,59.4,8.0,0,,,,7431,229.2,130.8,6.5,72,167.6,547.2,5.5,2,219.2,354.8,10.6
316,543.2,1033.0,5.6,20,1260.9,2249.8,5.9,844,73.3,59.6,8.1,0,,,,7434,229.0,130.8,6.5,67,175.7,546.9,5.5,2,243.6,354.8,10.6
318,544.2,1033.0,5.6,20,1268.1,2249.8,5.9,819,73.6,59.5,8.1,0,,,,7417,229.1,130.9,6.5,64,183.6,547.0,5.5,2,233.0,354.8,10.6
319,545.7,1033.0,5.6,20,1269.0,2249.8,5.9,808,72.9,59.7,8.1,0,,,,7424,228.7,130.9,6.5,65,182.0,546.9,5.5,2,262.5,354.8,10.6
322,543.9,1033.0,5.6,20,1267.2,2249.8,5.9,823,72.2,60.0,8.1,0,,,,7417,228.8,130.9,6.5,65,180.9,546.9,5.5,2,274.1,354.8,10.6
328,542.1,1033.0,5.7,20,1267.1,2249.8,5.9,821,71.5,59.9,8.1,0,,,,7398,228.9,130.9,6.5,63,186.4,546.7,5.5,2,318.5,354.8,10.6
328,545.8,1033.1,5.6,20,1265.7,2249.8,5.9,818,73.0,59.7,8.1,0,,,,7398,228.4,130.9,6.5,60,195.1,546.2,5.5,2,307.9,354.8,10.6
333,541.8,1033.0,5.7,19,1332.6,2249.8,5.8,835,73.2,59.7,8.2,0,,,,7394,228.2,130.9,6.5,62,193.0,546.5,5.5,3,166.5,354.7,11.1
333,545.0,1033.0,5.7,19,1332.0,2249.8,5.8,806,72.5,59.5,8.1,0,,,,7377,228.2,130.9,6.5,62,193.7,546.1,5.5,3,155.4,354.7,11.1
331,548.4,1033.0,5.7,19,1336.7,2249.8,5.8,833,72.6,59.3,8.2,0,,,,7374,228.0,131.0,6.5,60,199.4,546.2,5.5,2,235.7,354.8,10.6
332,550.4,1033.0,5.7,19,1342.8,2249.8,5.8,837,71.5,58.9,8.1,0,,,,7357,228.1,130.9,6.5,60,203.4,546.2,5.5,2,257.1,354.8,10.6
332,548.6,1033.0,5.7,19,1343.0,2249.8,5.8,860,71.8,58.7,8.1,0,,,,7340,228.0,131.0,6.5,58,209.2,545.8,5.5,2,283.7,354.8,10.6
333,548.4,1033.0,5.6,19,1343.4,2249.8,5.8,875,69.6,58.7,8.1,0,,,,7340,227.7,131.0,6.5,60,202.0,545.8,5.5,2,273.1,354.8,10.6
333,548.3,1033.0,5.6,19,1341.2,2249.8,5.8,901,68.2,58.7,8.1,0,,,,7331,227.2,130.9,6.5,58,208.5,545.7,5.6,2,307.1,354.8,10.6
340,544.7,1033.0,5.6,19,1337.0,2249.8,5.8,934,67.0,58.8,8.1,0,,,,7282,227.6,131.0,6.5,58,206.8,545.7,5.6,3,166.6,354.4,10.6
343,541.7,1033.0,5.6,19,1334.6,2249.8,5.8,961,66.5,58.8,8.1,0,,,,7298,226.6,131.0,6.5,59,199.9,545.6,5.5,3,156.0,354.4,10.6
346,542.4,1033.0,5.6,19,1333.8,2249.8,5.8,965,66.2,58.9,8.2,0,,,,7272,226.6,131.0,6.5,59,203.8,545.6,5.5,3,145.4,354.4,10.6
349,541.5,1033.0,5.6,19,1332.6,2249.8,5.8,977,66.1,59.1,8.1,0,,,,7237,226.3,131.0,6.5,58,214.3,545.5,5.5,2,227.3,354.8,10.6
352,539.4,1033.0,5.6,19,1333.7,2249.8,5.8,977,68.6,59.2,8.2,0,,,,7255,224.8,131.0,6.5,55,232.3,545.6,5.5,2,216.7,354.8,10.6
355,538.9,1033.0,5.7,20,1311.3,2249.9,5.9,984,69.8,59.1,8.1,0,,,,7244,224.3,131.0,6.5,54,237.6,545.3,5.5,2,253.7,354.8,10.6
356,539.2,1033.0,5.7,20,1307.3,2249.9,5.9,974,73.4,58.8,8.0,0,,,,7220,223.9,131.1,6.5,53,246.3,545.3,5.5,2,271.6,354.8,10.6
356,538.6,1033.1,5.7,20,1302.5,2249.9,5.9,1026,73.4,58.8,8.0,0,,,,7204,223.4,131.1,6.5,53,245.1,545.1,5.5,2,302.5,354.8,10.6
360,536.1,1033.0,5.7,20,1297.5,2249.9,5.9,1034,80.3,58.9,7.9,0,,,,7149,222.8,131.1,6.5,53,247.4,545.1,5.5,3,137.5,355.5,10.7
360,535.9,1033.0,5.7,20,1292.3,2249.9,5.9,1067,79.6,59.0,7.9,0,,,,7143,221.8,131.1,6.5,54,245.8,545.1,5.5,3,126.8,355.5,10.7
362,533.6,1033.0,5.7,20,1288.0,2249.9,5.9,1087,75.6,59.1,7.9,0,,,,7155,220.2,131.1,6.5,54,260.5,545.0,5.5,3,116.1,355.5,10.7
362,533.3,1033.0,5.7,21,1265.3,2249.9,5.9,1103,74.3,59.1,7.9,0,,,,7126,219.5,131.1,6.5,55,269.7,545.0,5.5,2,188.7,354.8,10.6
365,532.7,1033.1,5.7,21,1259.8,2249.9,5.9,1140,73.8,59.1,7.9,0,,,,7063,219.8,131.1,6.5,56,271.0,545.0,5.5,2,196.7,354.8,10.6
367,531.3,1033.1,5.7,21,1253.9,2249.9,5.9,1177,75.6,59.0,8.0,0,,,,7027,218.6,131.1,6.5,56,279.0,544.9,5.5,2,248.9,354.8,10.6
369,530.5,1033.1,5.7,21,1248.4,2249.9,5.9,1233,74.7,58.9,8.0,0,,,,6971,217.9,131.1,6.5,58,277.1,544.9,5.5,2,238.3,354.8,10.6
368,533.7,1033.1,5.7,21,1242.5,2249.9,5.9,1289,70.8,58.9,8.0,0,,,,6916,217.4,131.1,6.5,59,277.0,544.9,5.5,2,274.7,354.8,10.6
372,530.9,1033.1,5.7,21,1236.6,2249.9,5.9,1324,70.2,59.0,8.1,0,,,,6880,216.7,131.1,6.4,59,286.5,544.9,5.5,2,296.0,354.8,10.6
374,530.0,1033.1,5.7,21,1230.7,2249.9,5.9,1353,69.3,59.1,8.1,0,,,,6825,216.6,131.0,6.4,58,297.6,545.0,5.5,2,332.5,354.8,10.6
376,529.1,1033.1,5.7,21,1226.0,2249.9,5.9,1373,67.5,58.9,8.1,0,,,,6786,215.8,131.0,6.4,61,291.8,544.7,5.5,3,158.8,355.1,10.6
377,529.6,1033.1,5.7,21,1225.4,2249.9,5.9,1408,65.3,59.0,8.0,0,,,,6746,214.8,130.9,6.4,60,303.0,544.7,5.5,3,148.2,355.1,10.6
377,531.6,1033.1,5.7,21,1221.4,2249.9,5.9,1415,66.9,59.1,8.1,0,,,,6682,214.7,130.8,6.4,61,299.2,545.1,5.5,3,137.6,355.1,10.6
384,528.2,1033.1,5.7,21,1216.7,2249.9,5.9,1435,66.5,59.2,8.0,0,,,,6630,214.1,130.7,6.4,60,307.9,545.1,5.5,2,223.3,354.8,10.6
386,527.1,1033.2,5.7,21,1211.7,2249.9,5.9,1454,66.4,59.1,8.0,0,,,,6551,214.3,130.7,6.4,62,306.8,545.0,5.5,2,238.3,354.8,10.6
388,526.5,1033.2,5.7,21,1206.2,2249.9,5.9,1472,66.9,59.1,8.0,0,,,,6486,213.9,130.7,6.4,63,301.4,544.9,5.5,2,265.6,354.8,10.6
388,526.0,1033.2,5.7,21,1200.3,2249.9,5.9,1483,64.7,59.3,8.0,0,,,,6467,212.6,130.6,6.3,65,309.5,544.9,5.5,2,255.0,354.8,10.6
389,525.6,1033.2,5.7,21,1201.4,2249.9,5.9,1493,66.9,59.5,8.0,0,,,,6393,212.0,130.5,6.3,67,303.2,544.8,5.5,2,289.1,354.8,10.6
390,527.3,1033.2,5.7,21,1195.5,2249.9,5.9,1501,66.4,59.6,7.9,0,,,,6326,211.8,130.6,6.3,67,308.5,544.8,5.5,2,308.1,354.8,10.6
386,532.2,1033.3,5.7,21,1189.6,2249.9,5.9,1498,68.1,59.9,7.9,0,,,,6275,211.0,130.5,6.3,70,306.5,545.4,5.5,2,352.9,354.8,10.6
390,529.3,1033.3,5.7,21,1183.7,2249.9,5.9,1534,66.6,60.0,7.8,0,,,,6217,210.6,130.5,6.2,72,298.5,545.3,5.5,3,179.1,354.4,10.4
393,526.3,1033.3,5.7,21,1177.8,2249.9,5.9,1563,65.5,60.1,7.8,0,,,,6138,210.6,130.5,6.2,73,298.5,545.2,5.5,3,168.7,354.4,10.4
